Timestamp	Název politické strany	Bezpečnostní kód	Jméno osoby, která dotazník vyplňuje	1. Měly by být zpřísněny společné právní předpisy EU na ochranu dat.	Případný komentář k otázce 1:	2. V EU by se měla zavést minimální mzda navázaná na průměrný plat v jednotlivých státech EU.	Případný komentář k otázce 2:	3. Evropský parlament by měl mít pravomoc iniciovat zákon bez nutnosti oslovení Evropské komise.	Případný komentář k otázce 3:	4. EU by měla vymezit striktnější cíle pro regulaci CO2.	Případný komentář k otázce 4:	5. Státy EU by měly mít zakázáno dotovat jadernou energetiku.	Případný komentář k otázce 5:	6. Mělo by být povoleno pěstovat geneticky upravené plodiny v celé EU.	Případný komentář k otázce 6:	7. Dovozní cla na zemědělské produkty z rozvojových zemí by měla být snížena.	Případný komentář k otázce 7:	8. Předseda Evropské komise by měl být volen v přímých volbách občany EU.	Případný komentář k otázce 8:	9. Měla by být zavedena minimální sazba pro daně z příjmů u firem v celé EU.	Případný komentář k otázce 9:	10. Měla by se snížit finanční pomoc ekonomicky slabším regionům EU.	Případný komentář k otázce 10:	11. EU by měla zastavit přijímání dalších zemí.	Případný komentář k otázce 11:	12. EU by měla zavést daň z finančních transakcí ("tzv. Tobinovu daň").	Případný komentář k otázce 12:	13. EU by měla mít vlastní armádu.	Případný komentář k otázce 13:	14. Evropský parlament by měl mít možnost odvolat jednotlivé evropské komisaře.	Případný komentář k otázce 14:	15. Více oblastí zahraniční politiky by mělo být rozhodováno na úrovni EU.	Případný komentář k otázce 15:	16. EU by měla zvýšit prostředky na zahraniční pomoc.	Případný komentář k otázce 16:	17. Měly by být zavedeny společné evropské dluhopisy pro země eurozóny.	Případný komentář k otázce 17:	18. Členské státy musí uznat sňatky osob stejného pohlaví, které jsou uzavřeny v jiné členské zemi EU.	Případný komentář k otázce 18:	19. Podmínky pro udělení azylu by měly být stejné ve všech členských státech EU.	Případný komentář k otázce 19:	20. EU by měla vybírat evropské daně, které by nahradily existující příspěvky členských států.	Případný komentář k otázce 20:	21. Česká republika by měla vystoupit z EU.	Případný komentář k otázce 21:	22. EU by se měla stát federací.	Případný komentář k otázce 22:	23. Složení Evropské komise by mělo odpovídat výsledkům eurovoleb.	Případný komentář k otázce 23:	24. Měla by být možnost vypsání celoevropského referenda na základě petice.	Případný komentář k otázce 24:	25. Letní čas by měl být zrušen.	Případný komentář k otázce 25:	26. Zboží zakoupené v EU by měĺo být možné reklamovat u stejné firmy v jakékoliv zemi EU.	Případný komentář k otázce 26:	27. Živnostenský list by měl stačit k výkonu daného řemesla či podnikání po celé EU.	Případný komentář k otázce 27:	28. Erasmus by měl být rozšířen i na střední školy.	Případný komentář k otázce 28:	29. Sazby DPH by měly být sjednocené v celé EU.	Případný komentář k otázce 29:	30. Registrace auta by měla platit po celé EU.	Případný komentář k otázce 30:	31. Smlouva o "Transatlantickém partnerství pro obchod a investice" (TTIP) mezi EU a USA by měla být schválena.	Případný komentář k otázce 31:	32. Měla by existovat speciální dálniční známka (nebo podobný systém) platná v celé EU.	Případný komentář k otázce 32:	33. Prodej žárovek nad 60W by měl být opět povolen.	Případný komentář k otázce 33:	34. Měla by se zvětšit policie EU.	Případný komentář k otázce 34:	35. Dotování zemědělců z peněz EU by se mělo snížit.	Případný komentář k otázce 35:	36. Letecké společnosti by měly dále posílat data o cestujících do USA.	Případný komentář k otázce 36:	37. Doba ochrany autorských děl by se měla v EU zkrátit.	Případný komentář k otázce 37:	38. Země EU by měly mít možnost omezit zaměstnávání občanů z jiných zemí EU.	Případný komentář k otázce 38:	39. ČR by měla přistoupit k tzv. Fiskálnímu paktu	Případný komentář k otázce 39:	40. EU by měla přestat určovat podrobné normy pro potraviny.	Případný komentář k otázce 40:	41. V České republice by se mělo zavést Euro do roku 2020.	Případný komentář k otázce 41:	Pokud získáme ve volbách mandát, naši poslanci se stanou členem skupiny v EP:	Případný komentář k politické skupině.
4/14/2014 5:56:21	Test	123456	Michal Škop	Ano	test	Ano	test	Ano		Ano		Ano		Ano		Ano		Ano		Ano		Ano		Ano		Ano		Ano		Ano		Ano		Ano		Ano		Ano		Ano		Ano		Ano		Ano		Ano		Ano		Ano		Ano		Ano		Ano		Ano		Ano		Ano		Ano		Ano		Ano		Ano		Ano		Ano		Ano		Ano		Ano		Ano		Jiná odpověď	Test
4/14/2014 6:01:24	Test	654321	Michal Škop	Ne		Ne		Ne		Ne		Ne		Ne		Ne		Ne		Ne		Ne		Ne		Ne		Ne		Ne		Ne		Ne		Ne		Ne		Ne		Ne		Ne		Ne		Ne		Ne		Ne		Ne		Ne		Ne		Ne		Ne		Ne		Ne		Ne		Ne		Ne		Ne		Ne		Ne		Ne		Ne		Ne		Jiná odpověď	Test
4/14/2014 9:30:30	Česká strana národně sociální	848802	Michal Klusáček	Ano	Dále jsme pro to, aby osobní data nebyla shromažďována centrálně (např. údaje o zdravotním stavu). Také jsme pro omezení používání sledovacích kamer na veřejných prostranstvích. 	Ne	Jsme proti centralizaci na úrovni EU. Především chceme, aby rozhodování o výši minimální mzdy zůstalo v pravomoci české zákonodárné moci.	Ne	Jsme proti přesunu pravomocí na evropské instituce. Zastáváme názor, že český parlament je jediným subjektem, který může vydávat zákony platné v Česku.	Ne	Jsme proti fungování povolenek na emise, které vnímáme jako naprosto virtuální věc, která je používaná pouze k nátlaku na určité státy a ekonomiku jejich podniků. Jsme proti regulaci CO2, zároveň jsme ovšem pro další nerozvíjení uhelných elektráren a jejich nahrazení elektrárnami jadernými.	Ne	Jaderná energie je dosud nejlevnější, kterou umíme vyrobit. O nekonkurenceschopnosti nemůže být řeč. Taková prohlášení jsou jen proklamace lobbistů, kteří prosazují sluneční a větrné elektrárny, které ničí naši konkurenceschopnost vysokými cenami elektřiny a ničí naši rozvodnou síť.	Ne	Jsme proti pěstování a využívání geneticky upravených plodin.	Ne	Jsme pro to, aby každá země kontrolovala prodej potravin na svém území samostatně.	Ne	Ačkoliv na všech úrovních prosazujeme oddělenou přímou volbu zákonodárné a výkonné moci, v tomto případě jsme proti, protože odmítáme legitimizovat moc, která ze své podstaty demokratická není. Odmítáme "evropského prezidenta" a jinou centralizaci moci v Bruselu.	Ne	Jsme proti unifikaci daňové politiky na evropské úrovni. Právo jakým způsobem a v jaké výši budou vybírány daně patří národním parlamentům.	Ano	Jsme pro celkové zrušení systému dotací, které bylo vymyšleno nikoliv kvůli pomoci "slabším regionům", ale kvůli tomu, aby tyto "slabší regiony a slabší státy" byly ovládány těmi, kteří o dotování rozhodují.	Ne	Čím více nesourodých států v sobě EU integruje, tím větší budou odstředivé síly, které půjdou proti centralizaci Evropy. Ať tedy EU přijímá další státy...	Ne	Jsme proti komplikování daňových systémů a proti jakýmkoliv "centrálním" daním, které budou vybírat "centrální" úřady, které se nikomu nezodpovídají. V případě této daně (a jakékoliv jiné daně) by její dopad nebyl na banky (firmy), ale na obyčejné lidi, kteří mají daňovou zátěž už tak moc vysokou.	Ne	Rakousko-Uhersko a její armádu jsme tu už měli. 	Ano	Evropský parlament je jediná instituce, která má aspoň trochu demokratické rozměry.	Ne	Zahraniční politika je výsadou národních států. 	Ne	Žádné západní země nepomáhají rozvojovému světu. Naopak ho pouze využívají a podmaňují si ho právě systémem tzv. "zahraniční pomoci" a jiného vměšování do jejich vlastní politiky.	Ne	V žádném případě! Nebudeme ručit za dluhy, které jsme neudělali!	Ne	Jsme proti zrovnoprávnění manželství (svazek muže a ženy) s jakoukoliv jinou formou soužití (homosexuální, mnohoženství, mnohomužství atd.)	Ne	Každý stát má mít možnost si svou vízovou a azylovou politiku řídit sám. 	Ne	Jsme proti centralizaci, federalizaci a přesunu moci z národních států do Bruselu. 	Ano	Mimo EU bychom své národní zájmy mohli hájit lépe.	Ne	Zachování EU považujeme za možné pouze pokud se bude jednat u volné ekonomické spojení národních států. Jakoukoliv federalizaci nebo jinou centralizaci odmítáme.	Ano	Ovšem v praxi je to úplně jedno, protože výběr komisařů je určován mezinárodními korporacemi, který je vybírají tak, aby hájili jejich zájmy a oslabovali národní státy. Eurovolby ani jiné volby nebudou mít na výběr výkonné moci v EU nikdy žádný vliv.	Ano	Ano, ovšem téma by nesměla být omezena a referendum by muselo být závazné.	Ano	Jsme pro zrušení letního času.	Ne		Ne	Česko musí mít možnost kontrolovat své daňové subjekty. Zavedení takového jednotného živ. listu by vedlo k vytvoření evropských živnostenských úřadů, poboček těchto úřadů atd. Zase by se akorát zvětšila byrokracie a omezila moc národních států.	Ne	Držíme se zásad Komenského, že cestovat za vzděláním by se mělo až na vysoké škole.	Ne	Jsme pro nezávislou daňovou politiku národních státu.	Ne		Ne	TTIP je smlouva, která je jednostranně výhodná pro USA a především její firmy, které se zabývají výrobou geneticky upravených osiv a těžbou nerostných surovin. TTIP je zrůdnost.	Ne	Jsme pro zrušení dálničních poplatků pro osobní auta na našem území a proti centralizaci čehokoliv na území Evropy.	Ano	Zákaz žárovek byla stejná hloupost jako např. regulace dovozu banánů podle jejich zakřivení. 	Ne	Organizovat policii je výlučným právem národních států.	Ano	Dotace do zemědělství v EU především zvýhodňuje Francii a pak některé velkopodnikatele v zemědělství, kteří se v tom naučili chodit.	Ne		Ano	Především by se však měl úplně změnit způsob ochrany autorských děl. Pro nás je nemyslitelné, aby soukromá firma (OSA) vykonávala činnost, která by měla příslušet státu. 	Ano		Ne		Ano		Ne	Jsme proti zavedení Eura!	Nezařazení (NI)	
4/14/2014 13:40:40	Strana svobodných občanů	624784	Petr Mach	Ne	Otázka bezpečnosti dat má být regulována jen na národní úrovni.	Ne	Každá země má jinou průměrnou úroveň mezd. Proto by jednotná minimální mzda mohla být pro Českou republiku škodlivá. Kdyby např. byla zavedena minimální mzda na úrovni 100 nebo 200 korun za hodinu, hrozilo by propouštění a přesun výroby jinam.	Ano	Ano. A znamenalo by to i pravomoc navrhnout zrušení stávající směrnice (zákona). 	Ne	Emise CO2 by Evropská unie neměla stanovovat, nebo nanejvýš jako dobrovolné. EU nemůže z Bruselu znát, jaká úroveň průmyslové výroby a spalování plynu či uhlí je pro tu kterou ekonomiku dobrá.	Ano	EU pro účast na společném trhu v zásadě dotace zakazuje, i když sama toto pravidlo četně porušuje. Pravidlo má ale smysl pro dodržení férové konkurence a funkčnost společného trhu. státy, pokud chtějí být na společném trhu, by neměly dotovat žádnou energii, tedy i jadernou.	Ne	Mělo by být na jednotlivých státech, jestli to zakážou, nebo dovolí. EU by to neměla direktivně povolovat a jít tak proti vůli lidí ve státech, kde to chtějí zakázat.	Ano	Ano, EU by měla umožnit dovoz bez cel, tím by snížila celkové politické a ekonomické napětí ve státech kolem EU.	Ne		Ne	Je důležité zachovat konkurenci v daních mezi jednotlivými státy. Jen tato konkurence drží sazby dole.	Ano	Pomoc slabým regionům by měla být věcí jednotlivých států. Státy by pak mohly platit méně příspěvků do rozpočtu EU.	Ano	EU je sama v potížích a přijímat do tohoto těchto potíží další země by nebylo fér.	Ne	EU by neměla zavádět žádné nové daně. Daň z finančních transakcí by zdražila převody peněz a finanční transakce. 	Ne		Ne	Není to nutné. Stačí pohrozit odvoláním celé komise, když špatného komisaře předseda nevymění.	Ne	Vyvolávalo by to spory. nelze nutit Slovensko nebo Španělsko k uznání Kosova, když to tyto země nechtějí.	Ne	Tato pomoc je často pokrytecká a jednostranná. Zahraniční humanitární pomoc by měla být věcí jednotlivých členských států.	Ne	V EU nesmí jedni ručit za dluhy druhých. 	Ne	Rodinné právo má zůstat v kompetenci členských států.	Ne	Diktování azylové politiky z Bruselu může být pro ČR nevýhodné.	Ne		Ano		Ne		Ano		Nevíme / nemáme jednotný názor		Ano		Ne		Ano		Nevíme / nemáme jednotný názor		Ne	Musí být zachována daňová konkurence.	Nevíme / nemáme jednotný názor		Nevíme / nemáme jednotný názor		Ne	Každá země má jiný systém, někde jsou dálnice soukromé. Poplatek má určovat vlastník silnic - soukromý majitel či stát.	Ano		Ne		Ano		Ne		Nevíme / nemáme jednotný názor	Autorské právo má být na jednotlivých státech.	Ano	Politika povolení k práci pro zahraniční pracovníky by měla být věcí členských států.	Ne	Pakt by znamenal diktát Evropské komise, když bychom měli rozpočtový deficit. EU by nám mohla diktovat politiku, která by nás spíš poškodila, jako se to nyní děje v Řecku.	Ano	Ano, normy jsou moc podrobné. ("pomazánkové másalo" apod.)	Ne	ČR by měla vyjednat výjimku, aby nemusela euro zavést vůbec.	Evropa svobody a demokracie (EFD)	
4/14/2014 14:57:47	Aktiv nezávislých občanů	665802	JUDr. Norbert Naxera	Ano	ANEO prosazuje ochranu osobních údajů všech občanů a odmítá masové sledování občanů a odposlechy telefonů. Odmítáme také instalaci dalších bezpečnostních kamer. Právo na soukromí považujeme za jedno z nejzákladnějších lidských práv.	Ano		Ano		Ne	Regulaci emisí CO2 odmítáme, neboť nevěříme že CO2 způsobuje globální oteplování.	Ne		Ano		Ne		Ne		Ne		Ne		Ano	Jsme proti jakémukoliv rozšiřování EU zejména o muslimské země a odmítáme přistěhovalectví z těchto zemí	Ano		Ne		Ano		Ne	Odmítáme společnou zahraniční politiku EU a považujeme ji za vážný zásah do suverenity jednotlivých států.	Nevíme / nemáme jednotný názor		Ne		Ne	Nesouhlasíme se sňatky osob stejného pohlaví a hájíme tradiční rodinu.	Ne	Podmínky udělování azylu v ČR by se měly zpřísnit a tato otázka by měla zůstat v pravomoci jednotlivých států	Ne		Nevíme / nemáme jednotný názor	Prosazujeme referendum o setrvání v Evropské unii a v NATO o takto zásadní otázce musí rozhodnout občané a nikoliv politici.	Ne	Jsme proti jakémukoliv posilování pravomocí Evropské unie.	Ano		Ano		Ano		Ano		Ne		Ne		Ne	Nesouhlasíme se sjednocováním daňových sazeb u DPH ani u jiných daní.	Ne		Ne	Odmítáme uzavření této smlouvy neboť je jednostranně výhodná pro USA a hrozí že se evropské země stanou na USA ještě více závislými.	Ne		Ano		Ne	Policie musí zůstat v pravomoci členských států, vznik evropské policie považujeme za zásadní ohrožení suverenity ČR.	Ano		Ne		Ano		Ano		Ne		Ne		Ne	Jsme proti zavedení Eura neboť přijetí Eura by vedlo k inflaci a Česká republika by musela vynakládat obrovské prostředky na půjčky jihoevropským zemím. Chceme natrvalo udržet českou korunu.	Evropa svobody a demokracie (EFD)	
4/14/2014 19:41:54	Volte Pravý Blok www.cibulka.net	Petr.Cibulka@PravyBlok.cz	Petr Cibulka	Ne	Naše politická strana Volte Pravý Blok www.cibulka.net je přesvědčena, že Evropská unie se pod vedením ruských agentů KGB a GRU velice rychle sovětizuje a další postup tímto směrem je pro nás nepřijatelný!	Ano	Naše politická strana Volte Pravý Blok www.cibulka.net je přesvědčena, že Evropská unie by měla řešit ekonomické problémy Evropy uvalením embarga na dovoz z ultratotalitní komunistické Číny! jedině tím vyřeší i snižující se životní úroveň v Evropě! Stanovení minimální mzdy to dokázat nemůže, protože to může mít negativní vliv na rychle rostoucí nezaměstnanost. Ta roste v důsledku dovozu z Číny, kterému evropské firmy nemohou při současných evropských platech konkurovat.	Ano	Protože Evropský parlament, na rozdíl od národního parlamentu, nemůže předkládat sám nové zákony, pouze je schvaluje, nejedná se o demokracii, ale o demokraturu sovětského typu! Proto naše politická strana Volte Pravý Blok www.cibulka.net usiluje prosadit proti dnešní sovětizaci EU systém tradiční švýcarské PŘÍMÉ demokracie a neméně tradiční americký systém odvolatelnosti politiků přímo občany. 	Ne	Evropská unie, řízená ruskými agenty KGB a GRU, svojí dlouholetou protievropskou sovětizující politikou likviduje průmyslovou výrobu v celé Evropě. Už dnes je energie v Evropě několikrát dražší než v USA a Evropa díky tomu bankrotuje. Pokud by se měla situace dále zhoršovat, Evropa nepřežije!	Ne	Bez jaderné energetiky EU nedosáhne energetické a tím i politické nezávislosti na kágébáckém Rusku! Atomové elektrárny musí chránit před očekávanými ruskými teroristickými útoky silné jednotky armády!	Ne	Odpůrci, mezi něž patří naše politická strana Volte Pravý Blok www.cibulka.net se obávají zdravotních rizik...	Ne	Naše politická strana Volte Pravý Blok www.cibulka.net je přesvědčena, že dovozní cla je možno snížit pouze u těch rozvojových zemí, které hodnověrným způsobem prokáží, že jsou demokratické. Na nedemokratické režimy, Čínu, Rusko, Bělorusko, atd., je třeba uplatnit úplné embargo a nelze je podporovat!	Ano	EU řídí už desítky let ruští fízlové KGB a GRU. Proto se EU díky jejich protievropské politice rychle mění v Sovětský svaz a celkově jde od deseti k pěti. Problémy Evropy může vyřešit pouze a jedině zavedení modelu švýcarské PŘÍMÉ demokracie a americké odvolatelnosti politiků přímo občany!!! Evropská komise může být tvořena pouze lidmi, kteří uspějí ve volbách do evropského parlamentu a budou mít tak od občanů mandát. Jinak se potěmkinovská pseudodemokracie EU neliší od SSSR!	Ne	Odpůrci, mezi něž patří naše politická strana Volte Pravý Blok www.cibulka.net, upozorňují na zdravou soupeřivost mezi jednotlivými zeměmi, kterou je nutno podporovat! Naopak by EU měla přísně zakázat příjímání deficitních státních a komunálních rozpočtů!!!	Ne	Ekonomicky slabší regiony i celou Evropu, kterou už mnoho let vede předseda komunistické strany Portugalska, může podpořit pouze embargo na veškerý dovoz ze zločinecké komunistické Číny, která vyvraždila už cca 100 milionů vlastních občanů a embargo na dovoz předražené energie z Ruska, který Evropu likviduje!!! Místo dovozu ze zločineckých států je nutné co nejrychleji přejít na břidlicový plyn, který je mnohem levnější než ten ruský. Všechno ostatní si Evropa dokáže vyrobit sama. To nejlépe podpoří upadající Evropu i její ekonomicky slabší regiony.	Ne	Kromě Turecka, které patří k jinému civilizačnímu okruhu a je s Evropou kulturně neslučitelné, je třeba každého civilizovaného uchazeče přijmout. Mnohem důležitější pro přežití evropské civilizace je ale transformace Evropy (a Ruska) z dnešního Sovětského svazu ve Švýcarskou konfederaci svobodných občanů!!!	Ano	EU by měla zavést daň z finančních transakcí ("tzv. Tobinovu daň"), přestože.takové opatření by muselo být v optimálním případě zavedeno celosvětově, o což by se měla EU všemi silami snažit, což zatím nedělá.	Ano	EU se musí na prvním místě - z hlediska zajištění své vlastní bezpečnosti - zbavit hluboké ruské infiltrace v nejvyšších pozicích a až na druhém místě, po splnění předchozího úkolu, postavit jednu z nejsilnějších armád na světě, vybavenou atomovými zbraněmi, aby Rusko přešla chuť na jakákoliv válečná dobrodružství na západ od ruských hranic.	Ano	Evropský parlament by měl mít možnost odvolat jednotlivé evropské komisaře, a to prostou většinou hlasů! Zatím to je jako v Sovětském svazu!	Ne	Na prvním místě se musí EU zbavit ruské infiltrace v nejvyšších pozicích a až potom může vytvářet společnou zahraniční a bezpečnostní politiku. Nikdy ne naopak!!!	Ne	Podle odpůrců, mezi něž patří naše politická strana Volte Pravý Blok www.cibulka.net, je podstatná část zahraniční pomoci rozkradena vládními vrstvami a zločineckými strukturami a nedostane se tak k těm, kterým je určena, Vidíme to dnes u nás doma v České republice, vedené vlastizrádci a kriminálními zločinci v žoldu ruských KGB a GRU...!!!	Ne	EU musí přijmout zákon, který zakazuje příjmat na území EU deficitní rozpočty z veřejných zdrojů. Pak nebude potřebovat ani dluhopisy! Musí se naučit hospodařit, protože zadlužovat se dokáře každý hlupák!	Ne	Jediný sňatek může být mezi mužem a ženou! Jinak je to proticivilizační zločin!!!	Ne	Podmínky pro udělení azylu by se měly především všude zásadním způsobem zpřísnit!!!	Ne	EU by měla napřed očistit EU od ruských fízlů KGB a GRU ve vedení EU a všech jejich států, kteří vedou EU do propasti a tunelují státy EU v řádu bilionů, zadlužují ji a až potom může EU začít mluvit o evropských daních. Dokud EU nedokáže hospodařit s vyrovnaným rozpočtem, pak ji peníze daňových poplatníků nepatří do rukou!!!	Ne	Česká republika by měla transformovat sovětizující se EU (a Rusko) ve Švýcarskou konfederaci svobodných občanů!!!	Ne	EU musí napřed získat důvěru evropských občanů, kterou naopak vlastnívinou velice rychle ztrácí! Tu může získat pouze transformací EU ve Švýcarskou konfederaci svobodných občanů!!! Federalizace EU pod vedením předsedy komunistické strany Portugalska po vzoru Sovětského svazu je cestou do pekla!!!	Ano	Složení Evropské komise by mělo odpovídat výsledkům eurovoleb a všichni komisaři musí ve volbách kandidovat, získat důvěru voličů a být odvolatelní nejenom poslanci, ale i občany.	Ano	Každý občan EU musí mít právo a reálnou možnost podílet se na tvorbě všech rozhodnutí, které se ho - podle jeho názoru - sebeméně dotýkají!!! Jinak to není demokracie, ale demokretura!!! Švýcarsko, náš vzor!	Ano		Ano	Zboží zakoupené v EU by měĺo být možné reklamovat u stejné firmy v jakékoliv zemi EU, i když v praxi se to využívat zřejmě nebude.	Ano	Živnostenský list by měl stačit k výkonu daného řemesla či podnikání po celé EU, samozřejmě po složení srovnávacích a jazykových zkoušek.	Ano	Erasmus by měl být rozšířen i na střední školy, ale na základě dobrovolnosti a přísného výběru. 	Ne	Pro hledání optimálního modelu zdanění musí existovat co nejostřejší daňová konkurenci ve všech oblastech. Státy, města a obce si tak budou vzájemně konkurovat a budou se pokoušet vytvářet svým podnikatelům a živnostníkům ty nejideálnější podmínky, aby od nich neodcházeli za lepšími podmínkami jinam. Jenom to donutí státy respektovat potřeby podnikatelů a živnostníků!	Ano		Ano	Pokud má Evropa v konfrontaci s agresivním kágébáckým Ruskem přežít, musí udržovat nejužší možné vztahy s USA. Bez nich nepřežijeme!	Ano		Ano		Ano		Ne	Podpora zemědělství zvyšuje soběstačnost EU oproti dovozu potravin ze zemí mimo EU a zvyšuje životní úroveň na venkově, který stárne a vylidňuje se. Tento vysoce nebezpečný trend je nutné s vynaložením všech prostředků zvrátit! Na druhé straně je třeba zamezit zpřísněním kontrol neefektivnímu plýtvání.	Ano		Ano		Ne		Ano	ČR by měla přistoupit k tzv. Fiskálnímu paktu, ale tento pakt musí znamenat nulové zadlužování a být pod přísnými sankcemi, včetně trestněprávních!!!	Ano	EU by měla přestat určovat podrobné normy pro potraviny, ale o to přísnější normy na potraviny by měly zavést jednotlivé státy. Zatím nás krmí předraženým hnojem, který nám ničí zdraví a zkracuje životy a státy k tomu mlčí!	Ne	Státy EU dnes čelí mnohonásobně větším nebezpečím, než je přijetí nebo nepřijetí Eura!	Jiná odpověď	Naše politická strana Volte Pravý Blok www.cibulka.net je rozhodnuta iniciovat nový poslanecký klub "Za přímou demokracii, odvolatelnost politiků přímo občany a transformaci Evropy (a Ruska) ve Švýcarskou konfederaci svobodných občanů".
4/14/2014 22:59:46	Strana zdravého rozumu - NECHCEME EURO - za Evropu svobodných států	858673	Mgr. Petr Hannig	Nevíme / nemáme jednotný názor		Ne	Minimální mzda zvyšuje ve své podstatě nezaměstnanost. 	Nevíme / nemáme jednotný názor	Toto je sporné. Myslíme si, že většina pravomocí by měla zůstat na úrovni států. Strana zdravého rozumu se hlásí k původní myšlence evropské spolupráce, jak byla praktikována v Evropském hospodářském společenství (dále jen EHS). To znamená volnost pohybu osob, zboží a služeb. Postupně se EU stává čím dál tím víc ideologickým tělesem, které svými pravomocemi zasahuje ne příliš šťastně do legislativ národních států. Ovšem pravomoci Evropského parlamentu by měly být posilovány na úkor nikým nevolené Evropské komise. 	Ne	Vede to ke zdražování cen energií. Navíc z příkladu solárních panelů v ČR se znehodnocuje zemědělská půda a užitek z takovýchto regulací mají podvodníci s ekobyznysem. 	Ne		Ne	Už tak máme dost onemocnění rakovinou. Opět to nahrává do kapes velkým globálním hráčům s tímto byznysem. Jsme proti tajně připravované smlouvě s USA, která do EU vpustí zdravotně závadné geneticky upravené plodiny.	Ne	Jde nám o rozvoj naší země a potažmo i Evropy a ne o rozvoj rozvojových zemí. Měla by být podporována produkce místních zemědělských produktů, které jsou z hlediska zdravotního a spotřebitelského logicky výhodnější. Např. Proč podporovat čínský česnek, který je mnohem horší než ten český atd....	Nevíme / nemáme jednotný názor	Je to nesmysl. To by byl vždy zvolen Němec, protože Německo má nejvíc obyvatel. Pokud by tomu tak bylo, tak by v každý stát unie měl mít stejný počet hlasů a volby by musely být dvoukolové. Nejdříve by se volilo na území jednotlivých států a potom by jednotliví národní vítězi volili ze svého středu předsedu komise. Což je drahý nesmysl. Když se vrátíme k formě EHS, tak není třeba žádného předsedy komise	Ne	Daně jsou nástrojem národních ekonomik. Jsme pro nejnižší daně, pro co možná nejnižší formy přerozdělování.	Ne	Ovšem pouze na smysluplné projekty a ne na různé atrakce typu rozhledny atd.	Ano	Rozhodně nepřijímat Turecko.  Z dalších zemí přijmout přednostně Island a možná Srbsko (bez Kosova).	Nevíme / nemáme jednotný názor		Ne	Vyhazování dalších peněz do bezedné díry.	Nevíme / nemáme jednotný názor	V podstatě si myslíme, že by EP měl mít možnost odvolat jednotlivé komisaře, ovšem jelikož je někdy vzhledem k politické korektnosti veden ideologicky, tak by naopak zřejmě odvolával ty schopné komisaře, řídící se zdravým rozumem. Čili NE	Ne		Ne	Tato pomoc bývá rozkradena.	Ne		Ne	Strana zdravého rozumu ctí konzervativní kulturní a sociální hodnoty jako je úplná rodina, tak jak je v Evropě vnímána po staletí.	Ne	Ponechání azylové politiky na národních státech. Strana zdravého rozumu - NECHCEME EURO - za Evropu svobodných států  (volební číslo 6) je pro razantní omezení přistěhovalectví do EU. Ekonomičtí přistěhovalci berou Evropanům práci a přinášejí do Evropy prostřednictvím radikálního islamismu terorismus. Viz případy ve Velké Británii, Španělsku či Francii.	Ne	Rozhodně ne. Tyto daně by se ztratily v ještě větších nákladech na byrokracii.	Ne	Současná EU nutí rozumně uvažující strany z ní vystoupit. JENŽE: V těchto volbách se do Evropského parlamentu ze všech zemí dostanou rozumně uvažující strany, které podle našeho názoru změní dosavadní byrokraticko - zelené směřování unie. Chtěli bychom s těmi stranami v Evropském parlamentu založit frakci The Europian Party of Common Sense Evropskou stranu zdravého rozumu s programem razantního omezení imigrace a vrácení pravomocí na národní úroveň včetně zrušení eura, které v mnoha státech brzdí ekonomický rozvoj. Navíc v současné geopolitické situaci (Rusko - Ukrajina) je dobré někde být	Ne		Ano	Máte špatný doplňující komentář - opravte si to. Odpovídáme na otázku Složení Evropské komise by mělo odpovídat výsledkům eurovoleb ANO	Ano	Ale s dostupnějšími parametry a ne tak jak je to dnes nastaveno.	Ano	Strana zdravého rozumu je zastáncem zrušení letního času už od roku 2004, kdy za nás kandidoval nejznámější bojovník proti letnímu času, bohužel už dnes nežijící pekař Stanislav Pecka.	Ano		Ano		Ano		Ne		Ano		Ne	Rozhodně NE NE NE! Dá to obrovskou moc do rukou globálních imperialisticky se chovajících firem. Tyto firmy budou moci likvidovat zásoby pitné vody a ničit krajinné hodnoty těžbou břidlicového plynu atd. Ohroženo je Náchodsku s jeho krajinnými útvary a bohatou zásobárnou kvalitní pitné vody. Pokud by toto Evropská unie podepsala, tak by naše strana byla zastáncem vystoupení z EU	Nevíme / nemáme jednotný názor	To je zase utopie - chci vidět jak ty státy, kde jsou mýtné brány např. Francie , Itálie, bourají brány. Další z ideologických nesmyslů. Jak by se potom výtěžek ze známek rozpočítával mezi státy? A proč by měli lidé, kteří necestují často do zahraničí platit horentní sumy za známky po celé Evropě. 	Ano	"Úsporné" - nesvítící drahé žárovky - to je typickým příkladem ideologického inženýrství zelených mozků. Navíc jejich výroba  a likvidace je ekologicky náročnější než klasické žárovky.	Nevíme / nemáme jednotný názor	Zde možná přece jenom ano, protože naše policie je pohodlná a řadový občan se nedočká zastání. 	Ne		Ano	Nedokáži si totiž představit, že by potom někdo mohl do USA odletět. Vždyť nás USA šmíruje jinak, tak proč neposílat data, když už je stejně mají.	Ano	Na 40 a 20. Někdy je s dědici větší práce než se žijícími autory, jejichž snahou je, aby se dílo stalo známým na co největším teritoriu. Kdežto dědici a nakladatelé chtějí pouze hlavně vydělat a osud díla je jim lhostejný. 	Ano	Jsme sice pro volný pohyb osob, práce a služeb, ale NE pro volný pohyb určitých vrstev obyvatelstva za sociálními benefity. 	Ne		Ano	To jsou přesně ty zásahy EU, které dělají z EU směšnou a nepříjemnou instituci.	Ne	Jsme pro národní měnu. Euro podvazuje ekonomiku jednotlivých států a je fakticky přínosem jenom pro tu největší ekonomiku Evropy, pro Německo.	Jiná odpověď	Rádi bychom se stranami, které mají podobný program jako má Strana zdravého rozumu - NECHCEME EURO - za Evropu svodných států založili frakci Rozumných The Europian Party of Common Sense - Evropská strana zdravého rozumu. Pokud se to nepovede tak vstoupíme k Evropským konzervativcům a reformistům - i když v jejich názvu je protimluv. -  Jsou konzervativci nebo reformisté? My bychom byli raději konzervativci - protože jak říkají moudří lidé - reformy - nebo-li změny jsou vždy jenom k horšímu. 
4/15/2014 11:10:43	Republika	313965	Jan Hrdina	Ano		Ano		Ano		Ano		Nevíme / nemáme jednotný názor		Ano		Ne		Ne		Ne		Ne		Ano		Ne		Ano		Ano		Ne		Ne		Ano		Ano		Ne		Ne		Ne		Ano		Ano		Ne		Ano		Ano		Ano		Ano		Ne		Ne		Ne		Ano		Ne		Ano		Ano		Ano		Ano		Ano		Nevíme / nemáme jednotný názor		Ne		Ne		Jiná odpověď	Po volbách bude všechno jinak a vzniknou nová uskupení na základě volebních výsledků. Budeme součástí té frakce, která nám umožní realizovat náš program.
4/15/2014 15:26:28	Komunistická strana Čech a Moravy	865568	Ludvík Šulda	Ano		Ano		Ano		Ano		Nevíme / nemáme jednotný názor		Nevíme / nemáme jednotný názor		Ano		Nevíme / nemáme jednotný názor		Ano		Ne		Ne		Ano		Ne		Ano		Ne		Ano		Ano		Ano		Ano		Ne		Ne		Nevíme / nemáme jednotný názor		Ano		Ano		Ne		Ano		Nevíme / nemáme jednotný názor		Ano		Ne		Ano		Ne		Ne		Ne		Ne		Ano	Dlouhodobým požadavkem KSČM je vyrovnání dotací (sjednocení podmínek pro podnikání zemědělských a potravinářských podniků) nových a starých členských zemí EU. Dle našeho názoru je potřeba dosáhnout takové změny v rámci Společné zemědělské politiky EU, aby naši zemědělci a výrobci byli rovnocennými partnery – české zboží musí být tím hlavním zbožím a z ciziny doplňkovým.	Ne		Ano		Ne		Nevíme / nemáme jednotný názor		Ne		Nevíme / nemáme jednotný názor		Evropská sjednocená levice a Severská zelená levice (GUE-NGL)	
4/15/2014 20:10:46	Křesťanská a demokratická unie - Československá strana lidová	804029	Eduard Hulicius	Nevíme / nemáme jednotný názor	Vzhledem k čerstvě Evropským soudním dvorem zrušené směrnici o uchovávání dat se příští Evropský parlament bude muset problémem zabývat. Je zde potřeba brát v úvahu že jiná pravidla by měla platit pro data schraňovaná pro byznysové účely a jiná pro práci bezpečnostních složek.  Není také jasné, zda zpřísněním předpisů míníte to, že mají být více chráněna data uživatelů nebo má být naopak usnadněn přístup bezpečnostních složek.	Ne	Jedná se o rozhodnutí které by mělo zůstat na úrovni členských států.	Ano	Přispělo by to k odbourání demokratického deficitu. Vztahovala-li by se legislativní iniciativa jen na oblasti sdílených či výlučných pravomocí EU nebyla by ohrožena prerogativa národních parlamentů.	Ne	Na prvním místě je třeba podpořit větší efektivitu a bezpečnost výroby a přenosu energií. Regulace CO2 musí být prováděny nejen s ohledem na životní prostředí, ale i na konkurenceschopnost evropského průmyslu.	Ne	Výběr zdrojů energie by měl být co nejpestřejší. Rozhodnutí o dotacích by mělo zůstat na úrovni členských států, dokud nedojde k vytvoření opravdového jednotného energetického trhu.	Ano	Vyhovuje nám současný dobře fungující systém kontroly a schvalování geneticky upravených plodin v EU, kdy jednotlivé členské státy mohou odůvodněně požádat o zákaz pěstování a/nebo prodeje geneticky upravených plodin na svém území a nepožadujeme žádnou zásadní změnu.	Ano	Při vědomí toho, že partnerské státy EU ze sdružení Afriky, Karibiku a Tichomoří, které představují velkou část tzv. rozvojových zemí již mají pro svou zemědělskou produkci (vyjma cukru) dováženou na trh EU nulová cla a kvóty.	Ne	V současnosti poprvé zkoušíme systém nepříme volby předsedy Evropské komise (nominantem by měl být reprezentant politické síly, která zíká největší podporu ve volbách do Evropského parlamentu) a nepovažujeme za vhodné pravidla měnit před jejich vyzkoušením.	Ne		Ne		Ne	V případě splnění podmínek by do EU mohly přistupovat další evropské státy, včetně Norska či Švýcarska. Vztah s Tureckem by měl být upraven formou privilegovaného partnerství.	Ano	Tato celoevropská daň by se mohla stát vlastním příjmem rozpočtu EU.	Ne	EU by měla lépe koordinovat své obranné zdroje a aktivity. Primárním nástrojem evropské obranné politiky je ale NATO.	Ano		Ano		Ano	Zvyšení prostředků pro pomoc by mohlo být provedeno i jejich efektivnějším rozdělováním s minimalizací ztrát při převodech z EU k potřebným.	Nevíme / nemáme jednotný názor	Záleželo by na dalších podmínkách a pravidlech správy eurozóny. 	Ne		Ano		Ne	Je potřeba zvýšit fiskální nezávislost EU, ale charakteru evropské integrace odpovídá aspoň částečné zachování stávajícího systému.	Ne		Nevíme / nemáme jednotný názor	Svým způsobem EU již nyní částečně je a částečně není federací.	Ne	Výsledkům eurovoleb by měla odpovídat politická příslušnost předsedy Komise.	Ne		Ano		Ano		Ano	Záleží na stanovení pravidel vzájemného uznávání kvalifikací.	Ano	Ale zejména i na učňovské školství.	Ne		Ano		Nevíme / nemáme jednotný názor	Vzhledem k tomu, že text dohody dosud není znám je obtížné se vyjádřit. Jsme v principu pro větší liberalizaci vzájemné obchodní a investiční výměny, ale neznáme dosud detaily, které by mohly ovlivnit rozhodnutí.	Ne		Ne		Ano	Měly by být posíleny evropské orgány a instituce podporující spolupráci národních policejních a justičních orgánů. 	Ne	Jsme především pro rovný a nediskriminační přístup zemědělců k fondům EU.	Ano	Otázkou je, zda jsou bezpečnostními orgány USA požadovaná data chráněna dostatečným způsobem a zda by odpovědné evropské orgány neměly požadovat reciprocitu ze strany cestujících z USA.	Ano		Ne		Ano		Ne	Jedná se o pravidla a normy nezbytné pro fungování jednotného trhu.	Ano	Ano - ve chvíli vhodné pro naše národní hospodářství. Tato úvaha je na vládě ČR.	Evropská lidová strana (EPP)	
4/16/2014 14:17:25	Česká strana regionů	945787	Ondřej Hlaváč	Ano		Ne		Ne	Každý stát má svůj národní parlament a EU tady není od toho, aby ho nahrazovala. To není jeho funkce.	Ne	Jsme proti regulacím. I když se jedná zdánlivě o citlivé téma životního prostředí, tak tomu tak není. Dialog na takové téma se musí vézt celosvětově a od porušení Kjótského protokolu není důvod, aby se Evropa zavazovala k něčemu, co ji pouze brzdí v rozvoji a staví do horšího postavení, oproti ostatním kontinentům a jejich průmyslu.	Ano		Ne	Jsem odpůrci geneticky upravených plodin. Jsme přesvědčeni, že geneticky upravované zemědělské plodiny jsou nebezpečný experiment a lidstvo by si nemělo hrát na Boha. Dnes již jsou jasné důkazy o nebezpečnosti těchto pokusů, kdy například v Indii přišlo díky takovému pokusu o obživu tisíce zemědělců.	Ano		Ne	V takových volbách by nebyli rovné podmínky a automaticky by se jednalo o souboj kandidátů z velkých zemí.	Ne		Ne		Nevíme / nemáme jednotný názor	Určitě by jsme nebyli proti přijetí Islandu. Ale nesouhlasíme s přijetím Turecka a to z mnoha důvodů. Tím nejjasnějším je fakt, že je ve válečným konfliktu s jedním ze členských zemí EU, s Kyprem. 	Ano	Jsme zásadně proti jakémukoliv posilování postavení bank ve všech sférách naší společnosti. Naopak se budeme zasazovat o oslabení jejich vlivu!	Ne		Ne		Ano	EU by na ostatních kontinentech světa, měla vystupovat jednotně. Aby se v budoucnu nestávalo, že například každý stát EU bude mít jiné vízové povinnosti k ostatním státům. Minimálně to nedává smysl pro státy Schengenského prostoru. V tomto případě musí být EU naprosto jednotná 	Ne		Ne		Ne		Ne		Ne		Ne	Evropa se musí spojovat, izolace by nikomu nepomohla. Ale na druhou stranu musí být vždy jasně řečeno, že každý stát EU má svou vlastní kulturu a své vlastní hranice a ty jsou nedotknutelné. 	Ne	Nejsme Amerika ani Austrálie. Evropa má jiné historické kořeny a ty se musí respektovat. Stačí se podívat na postavení menšin v dnešních členských státech EU. Asi tak by nakonec dopadlo postavení všech menších států, pokud by vstoupili do federace.	Ne		Ne	Vždy by měli výhodu pouze velké členské státy	Ano		Ano		Ano	Je to jeden ze základních prvků zřízení Evropské unie 	Ano		Ne		Ano		Ne		Ano	Sjednocení dopravy je jedním ze základních cílů Strany českých regionů	Ano		Ne		Ano		Ne		Ano		Ne		Ne		Ano		Ne		Jiná odpověď	Naši poslanci se zasadí o vznik nové frakce, která bude mít za cíl prosazovat zájmy České republiky a jako takové by vyhovovala frakce složena z členských zemí bývalého východního bloku a všech malých států napříč celou Evropou.   
4/16/2014 17:59:20	Moravané	265235	Ondřej Hýsek	Ano		Ne	Podle našeho názoru by nebylo správné, kdyby EU vynucovala v Dánsku a Švédsku změnu systému, který tam dlouhodobě úspěšně funguje.	Ano		Ano	Chceme tato opatření doplnit zvýšením celních tarifů EU vůči zemím, kde regulace skleníkových plynů neexistuje.	Ano		Ne		Ne	Jsme pro to, aby Evropa i rozvojové země byly potravinově soběstačné. Jsme proti vývozu subvencovaných evropských potravin do rozvojového světa i dovozu levných potravin z rozvojového světa do EU. Podle našeho názoru není přirozené, aby potraviny cestovaly tisíce kilometrů. Jsme pro tzv. regionální smluvní hospodaření založené na přímém vztahu mezi pěstitelem a spotřebitelem, které funguje ve Švýcarsku.	Ne	Jednalo by se jen o symbolickou záležitost, protože Evropská komise rozhoduje kolektivně. Moravané chtějí demokratizaci Evropské unie uskutečnit zvýšením pravomocí Evropského parlamentu, který je jako jediný orgán EU volen občany. Evropský parlament by měl mít zákonodárnou iniciativu, kterou dosud nemá, a měl by mít možnost schvalovat a odvolávat Vysokého představitele Unie pro zahraniční a bezpečnostní politiku a členy Výkonné rady Evropské centrální banky.   Jsme též pro zavedení prvků přímé demokracie: 1. Možnost peticí vyvolat závazné referendum o jakémkoli kroku schváleném Evropským parlamentem. 2. Zákonodárná iniciativu lidu, kdy by petice s nějakým návrhem mohla vést k závaznému referendu o něm. 3. Odvolatelnost poslanců Evropského parlamentu.	Ano	Jsme proti závodu ke dnu, kdy by se jednotlivé země předháněly v omezování možností svých příjmů, což by vedlo jen k deficitům a redukci veřejných služeb.	Ne	Mnoha regionům v EU, i těm v České republice, je nutno pomoci ze strany Evropské unie víc než dosud, neboť vlády jejich států je opomíjejí.	Ne	Se zájemci o členství by měla být vedena jednání, i kdyby to nemuselo vést k rozšíření EU v tomto funkčním období Evropského parlamentu. Za úspěch lze považovat i to, pokud nějaká země akceptuje alespoň část standardů EU, byť se nestane jejím členem.	Ano	Výnos z této daně by podle nás měl kompenzovat snižování DPH, které prosazujeme. Zároveň by to mělo být kombinováno s tlakem na rušení tzv. daňových rájů.	Ano		Ano		Ano		Ne	Spíše by mělo dojít k odbyrokratizování rozvojové pomoci, kterou by primárně neměly dostávat vlády, ale obce a regionální samosprávy. Naše strana se domnívá, že největším přínosem pro rozvojové země by bylo to, kdyby je EU přestala zaplavovat svými subvencovanými potravinami, takže by potom mohly být potravinově soběstačné. 	Ano	Eurodluhopisy s jednotnou sazbou úroků by však byly jen doplňkovým financováním a byly by vydávány v omezené míře, přičemž by jednotlivé země mohly dál vydávat své dluhopisy. Při tom by agentura, co by dluhopisy vydávala, byla řízena radou, kterou by schvaloval a mohl odvolat Evropský parlament.	Nevíme / nemáme jednotný názor	V rámci principu subsidiarity by se to mělo rozhodovat na co nejnižší úrovni. Navíc má každý evropský region či země jinou kulturu a mentalitu a k těmto rozdílům je podle nás nutné přihlížet.	Ano	EU je v mnoha ohledech jeden bezpečnostní prostor, mělo by tomu tak být i u této záležitosti.	Ano		Ne		Ano		Ano		Ano		Ano	Moravané jsou pro letní středoevropský čas po celý rok.	Ano		Ano		Ano		Ano	DPH už je jistým způsobem sjednocena, neboť mimo určité druhy zboží a služeb je určena minimální hodnota 15 %. Jsme pro to, aby se tato minimální hodnota snížila a aby se zavedla i maximální hodnota. Ve Švýcarsku je normální sazba 8 %, snížená 2,5 %. EU by se v této otázce, tak jako v mnoha jiných, podle nás měla snažit přiblížit se ke švýcarskému modelu.	Ano		Ne	Mohlo by dojít ke snížení evropských standardů a navíc zkušenosti z NAFTA nebo americko-korejské zóny volného obchodu nenapovídají tomu, že by to znamenalo hospodářský přínos. Myslíme si, že Evropa je dostatečně velký trh a hospodářství jejích zemí by mělo být založeno na domácí poptávce. 	Nevíme / nemáme jednotný názor	Jsme pro zrušení dálniční známky (a mýtného) pro osobní automobily, v České republice i EU. Dálnice jakožto nejbezpečnější typ pozemních komunikací by měly být doménou osobní přepravy, zatímco nákladní doprava by měla být podle švýcarského vzoru přesunuta na železnici.	Ne		Ne	Spíše by měla být zavedena policie zemská (v našem případě moravská).	Ne	Mělo by však dojít ke změně přerozdělování ve prospěch středních a menších výrobců. Nyní jde 85 % zemědělských dotací do pouhých 20 % podniků zabývajících se zemědělstvím. 	Ne		Ano		Ne		Ne	Evropský parlament může rozhodnout o tom, že rozpočet EU bude vyrovnaný. To samé může platit i u parlamentů členských zemí a regionálních zákonodárných sněmech. Rozhodující je však vůle dotyčných politických sil, nikoli nějaké formální pravidlo. Zkušenosti totiž napovídají tomu, že takováto formální pravidla - například konvergenční kritéria pro přijetí Eura - se obcházejí pomocí tzv. kreativního účetnictví.	Ne		Ano	Ovšem pouze v případě, že se ČR zotaví z hospodářské krize a eurozóna dobře zareaguje na potíže jihoevropských zemí.	Zelení-Evropská svobodná aliance (Greens-EFA)	Strana Moravané je od roku 2006 členem Evropské svobodné aliance.
4/16/2014 20:59:54	evropani.cz	623962	Petr Jantac	Ne		Ne	Sociální politika je úzce vázána na národní soudržnost v jednotlivých členských státech. Na úrovni EU by sociální stát tvrdě narazil na politický nacionalismus.	Ano	Ano, ale pouze v otázkách tzv. vnitřních politik, nikoli ve věcech vnitřního trhu (základních tržních svobod), kde má legislativní monopol Evropské komise smysl. Navíc legislativní iniciativy Evropského parlamentu si představujeme hlavně jako návrhy na zrušení různých regulací.	Ne		Ano	Nicméně si umíme představit dotování jaderné energie z úrovně EU jako celku, tedy pro všechny státy stejné a financované z rozpočtu EU. Toto řešení by pro český průmysl bylo velmi výhodné.	Nevíme / nemáme jednotný názor		Nevíme / nemáme jednotný názor	Na tuto otázku nelze odpovědět ano či ne, jestliže není řečeno o kolik by cla měla být snížena a u jakých komodit. Pro Česko má např. význam bavit se o plodinách mírného klimatického pásma, ale nikoli o subtropických plodinách, které zajímají jižní Evropu.	Ne	Moc Evropské komise je třeba podrobit přísné kontrole a Komisi je třeba vrátit do role pouhého administrativního aparátu. O přímé volbě má smysl se bavit např. u předsedy Evropské rady, eventuálně u jeho "viceprezidenta", kterým by byl Vysoký představitel EU pro společnou zahraniční a bezpečnostní politiku.	Ne	Nejsme zastánci údajné "zdravé soutěže" v daňových sazbách. Společná sazba daně nedává smysl, když současně není harmonizován výpočet základu daně a navíc daň z příjmů firem tvoří jenom relativně malou část celkové daňové kvóty.	Ne		Ne	Přijímány by však měly být pouze připravené země, abychom se vyhnuli dalším blamážím typu přijetí Řecka či Bulharska.	Ano	Jako jediná evropská daň, u této daně lze předpokládat, že by ve všech členských státech byla placena a vybírána stejně. Mělo by být ovšem jednoznačně určeno, co bude financováno z výnosu této daně; jsme proti obecnému narůstání příjmů rozpočtu EU.	Ne	Jsme však pro založení evropského pilíře NATO cestou spojování vybraných bojových útvarů z národních armád pod společné velení včetně vyzbrojování a operačního i strategického plánování a se společným vojenským výzkumem a vývojem.	Ano	Byl by to znamenitý nástroj k posílení politické kontroly na Evropskou komisí. Splnění tohoto požadavku však vyžaduje změnu zakládacích smluv EU, což v současné situaci považujeme za nereálné.	Ano	Konkrétně rozhodování o věcech války a míru a účast v mezinárodních obecně politických a vojenských organizacích (OSN a NATO). V takových mezinárodních organizacích jako je třeba UNESCO ať zasedají členské státy, tam by účast EU jako celku neměla smysl.	Nevíme / nemáme jednotný názor		Ne	Eurozóna není právní subjekt, takže si nemůže půjčovat "jako celek"na finančních trzích. Řešení vidíme ve zřízení umořovacího fondu na úrovni EU, který by oddlužil členské státy za podmínky, že oddlužené státy odejdou z finančních trhů. Na finančních trzích by operoval, tj. mimo jiné emitoval "eurobondy" už jenom umořovací fond.	Nevíme / nemáme jednotný názor	Z otázky není jasné, jestli má tázající na mysli sňatky osob stejného pohlaví nebo registrované partnerství.	Ne	V této věci je důležitější rozhodovací praxe úřadů než to, co je napsáno v právních předpisech, a exekutiva by zůstala na národních státech i v případě harmonizace legislativy.	Ne	Zavádět evropskou daň postrádá smyslu bez evropských berních úřadů - jinak by se na stejné dani vybraly úplně jiné peníze ve Švédsku a v Řecku. Zřízení evropských úřadů je v současné situaci nereálné z politických i z právních důvodů; evropské úřady z těchto důvodů např. ani nevybírají clo, které je příjmem rozpočtu EU.	Ne	Domníváme se, že vytrvalé pokládání této otázky poškozuje české národní zájmy.	Ne	Všechny moderní federální státy vykazují nepřekonatelnou tendenci k centralizaci. Pro Evropu, která je tvořena soustavou národních států a jejich nadnárodní integrací, není přijatelná taková míra centralizace, jakou by přinesl federální stát.	Ne	Evropská komise by měla zůstat v té podobě, jak byla původně koncipována v Římských smlouvách - jako nezávislý byrokratický odborný aparát bez politických ambicí. Posílit politickým mandátem nynější Evropskou komisi zasahující vedle vnitřního trhu také do bezpočtu tzv. vnitřních politik. EU by znamenalo posílit nežádoucí trendy k centralizaci v činnosti Evropské komise.	Ne	Není jasné, o čem by se v evropském referendu mělo hlasovat.	Nevíme / nemáme jednotný názor		Ano		Ne	Současná praxe uznávání kvalifikací je dostačující. V živnostenských předpisech se projevuje kulturní rozmanitost jednotlivých členských států.	Ne	Středních škol se týkají jiné programy než Erasmus.	Ne		Ano		Nevíme / nemáme jednotný názor	Těžko lze diskutovat o schválení smlouvy, jejíž návrh je tajný a navíc ještě není hotový.	Ano	Ale bohužel až ve vzdálené budoucnosti. Dokud se o dálniční síť starají jednotlivé členské státy, tak to není možné. Další překážkou jsou veliké rozdíly cenové hladiny v jednotlivých státech a nestabilita kurzů měn.	Ano	Zákazem žárovek se Evropská unie zesměšnila a ukázala na to, jak snadno rozšiřuje své kompetence - stačí ideologicky motivované přání, které se stane otcem myšlenky, že věc patří do kompetence EU.	Ne	Ale s vytvářením společných ozbrojených sil v EU je na čase uvažovat o vojenské rozvědce na úrovni EU.	Ne		Nevíme / nemáme jednotný názor		Ne		Ne		Ano		Ne		Ano	Ekonomické argumenty jsou podružné proti politickým aspektům přijetí eura.	Aliance liberálů a demokratů pro Evropu (ALDE)	Otázka volby poslanecké skupiny není pro naši stranu prioritní, netoužíme po funkcích a prebendách. Rozhodovat se budeme podle toho, kde najdeme největší podporu pro naše požadavky na přísnou kontrolu činnosti Evropské komise. Volba ALDE je motivována skutečností, že v tomto klubu se soustřeďují politické proudy, které chtějí řešit institucionální problémy EU jako celku.
4/16/2014 22:36:23	Strana rovných příležitostí	787035	Miroslav Kováč	Ano	Bezpečnostní složky by omezeně a na požádání měly mít přístup například k datům o telefonních hovorech nebo obchodních transakcích.	Ano		Ano		Ano		Ne		Ne		Ano		Ne		Ano		Ne		Ne	Za předpokladu, že přistupující státy dodrží všechny podmínky nutné pro vstup do EU.	Ne		Ano		Ne		Ano		Ne		Ano		Ne		Ano		Ano		Ne		Ano		Ano		Ano	Pouze za jasně stanovených podmínek.	Ne		Ano		Ano		Ano		Ne		Ano		Ano		Ano		Ne		Ano		Ne		Ano		Ano		Ne		Ano		Ne		Ano		Jiná odpověď	
4/17/2014 10:57:34	Občané 2011	979701	Ing. Petra Benešová	Ano		Nevíme / nemáme jednotný názor	Otázka minimální mzdy pro občany EU je poměrně složitá, vzhledem k rozdílným možnostem každého státu a jeho ekonomické soběstačnosti. Paušalizovat za každou cenu není řešením. Občan by měl mít k dispozici takovou mzdu, která mu zajistí pohodlný život bez nutnosti zadlužení. Lidé by se měli vrátit k normálnímu žití a mít dostatek času na osobní život,který v honbě za zisky je mnoha lidmi upozaďován.	Ne		Ano		Ne	Každá země by měla být soběstačná, nikoliv odkázaná na rozhodování jiného subjektu ze zahraničí. I přes myšlenku sjednocení, která je podstatou EU, by si každá země  měla ponechat národní suverenitu a o otázkách,které se týkají pouze jí, by měla rozhodovat výlučně sama.  Pokud tedy budou dotovat jadernou energetiku soukromé subjekty, přejde rozhodování na ně a stát a jeho občané se tak mohou dostat do neřešitelné situace, nebo budou platit výrazně vyšší ceny jen proto, aby vůbec měli možnost čerpat elektrickou energii.	Ne		Ne	Dle současného rozpočtu EU, platného do roku 2020, mají být sníženy výdaje na zemědělství o 47 miliard, což ovlivní konkurenceschopnost českých zemědělců, kteří v evropském kontextu již teď nemají stabilní postavení.	Ano	Problém nízké volební účasti by tím mohl být částečně vyřešen. Řada lidí se o otázky EU nezajímá, protože nejsou výsledky její činnosti transparentně prezentovány. Cílem našeho hnutí je proto zasadit se o zprůhlednění aktivit a výstupů poslanců Evropského parlamentu vůči občanům, kteří je zvolili jako své zástupce v EU.	Ne	Důležité je regulovat daňové ráje a vycházet z konkrétní situace dané země pro stanovení minimální sazby daně.	Ne		Ano		Ne		Ne	Členové EU mají své vojáky v NATO. Spíše než řešit případnou obranu je důležité zaměřit se na prevenci. Tudíž snahu o řešení konfliktů mírovými cestami. Jednou z cest může být zvýšení počtu žen v politice, které v rámci své role ve společnosti už celá staletí pečují o rodinný krb a spokojenost své rodiny. V tomto případě je rodinou myšlena vlastní země, potažmo uskupení zemí v EU. 	Ano		Ne		Ne	Vhodné je spíše zpřísnit kontrolu a zvýšit efektivnost a alokaci vydaných prostředků.	Ne		Ano	V kompetenci jednotlivých států by měla být zachována pravomoc pro podmínky adopce či umělého oplodnění u registrovaných partnerů dle morálních hodnot a na základě podrobného psychologického vyšetření žadatelů. Na prvním místě by však mělo být dobro dítěte. Přikláníme se k myšlence, že lásku,podporu a finanční zázemí, která jsou pro výchovu dítěte klíčové, dokáže dát jak homosexuální tak heterogenní rodina.	Ne	Udělování azylů by mělo zůstat na národní úrovni.	Ne		Ne	Vzhledem k závislosti ČR v obchodní sféře na členské země to není pro naši ekonomiku výhodné. Do budoucna by však měla ČR zajistit svou nezávislost na těchto zemích, větší podporu domácích výrobců a živnostníků, omezit zaměstnávání a podnikání cizinců a neprodávat strategické státní podniky.	Ne		Ne		Ano	Nezbytné je však určit povinné minimum pro počet podpisů pro iniciování referenda. V případě České republiky by se počet vztahoval na polovinu oprávněných voličů. Důležité je zachovat vážnost vzhledem k možným populistickým názorům a z nich plynoucích opatření.	Ano		Ano		Ne		Ano		Ne		Ano		Ne		Ne		Ano	Stávající úsporné žárovky dávají málo světla a nehodí se tak pro veškeré potřebné využití. Navíc při jejich rozbití jsou škodlivější, než klasické žárovky.	Ne		Ano	Je potřeba srovnat výši dotací v rámci EU, kdy je nutno brát v potaz klima a tím i možnosti produkce jednotlivé země. 	Ne		Ano	V pravomoci autora by měla být možnost volby, zda vůbec chce postoupit autorská práva, určit konkrétní fyzickou nebo právnickou osobu, na kterou práva po smrti přejdou. Případně umožnit postoupení práv ihned po své smrti nebo zkrátit dobu na 20 let.	Ne	Pokud v zemi chybí na požadovanou pozici kvalifikovaná osoba, je na místě zaměstnat příslušníka jiné země. V principu by však měla být místa obsazována primárně obyvateli a to v adekvátní výši mzdy. Cizinci by měli být přijímáni bez zprostředkování pracovních agentur, které si účtují vysoké provize.	Ne	Tato otázka není již aktuální, protože 24.3. již byl přístup schválen Vládou ČR.	Ano		Ne		Evropa svobody a demokracie (EFD)	
4/17/2014 11:30:21	Dělnická strana sociální spravedlnosti - NE diktátu Bruselu!	803033	Mgr. Tomáš Vandas	Ano		Ano		Ano		Ne		Ne		Ne		Ne		Ne		Ne		Ano		Ano		Ne		Ne		Ano		Ne		Ne		Ne		Ne		Ne		Ne		Ano		Ne		Ano		Ano		Nevíme / nemáme jednotný názor		Ne		Ne		Ne		Ne		Ne		Nevíme / nemáme jednotný názor		Ne		Ano		Ne		Ano		Ne		Ne		Ano		Ne		Ano		Ne		Nezařazení (NI)	Pokud bude vytvořena frakce Národně orientovaných stran, bude DSSS její součástí.