,,,,,,Číslo,20,37,19,3,9,24,18,21,27,33,35,25,14,8,15,17,36,4,34,28,1,10,13,11,38,2,29,32,39,5,6,26,12,23,30,22,16,7,31
,,,,,,ID hlasování,55996,57199,56243,57397,52608,53844,54157,54250,54278,54316,54321,54455,54460,55396,55604,55731,55929,56012,56118,56237,56326,56619,56985,57516,58140,58180,58215,58281,58296,52506,53121,53351,54228,54529,55209,55672,57238,57607,57763
Marek,Benda,ODS,Hlavní město Praha,m,4,4,1,-1,1,1,1,1,1,1,1,1,0,0,-1,1,1,1,1,1,-1,1,1,1,-1,1,-1,0,1,,,1,-1,-1,-1,-1,-1,-1,1,-1,1
Václav,Klučka,ČSSD,Moravskoslezský,m,68,68,1,1,-1,1,1,1,0,0,0,0,0,0,0,0,1,-1,1,1,1,0,0,-1,1,1,1,1,1,,,1,1,-1,0,1,1,1,-1,1,0
Petr,Nečas,ODS,Zlínský,m,111,111,1,-1,1,-1,-1,1,1,1,1,1,1,0,0,1,0,0,1,1,1,1,1,1,0,1,-1,0,0,,,-1,1,0,-1,0,0,-1,1,-1,0
Hana,Orgoníková,ČSSD,Královéhradecký,f,122,122,-1,1,1,1,0,1,-1,-1,0,0,0,-1,-1,0,-1,-1,1,1,1,1,-1,-1,1,1,1,1,1,,,1,1,-1,1,0,1,1,-1,0,0
Milada,Emmerová,ČSSD,Plzeňský,f,211,211,1,0,1,0,-1,0,-1,0,-1,-1,-1,-1,-1,0,0,-1,1,1,-1,-1,-1,0,0,0,0,0,0,,,1,0,-1,1,1,1,1,0,0,0
Petr,Hulinský,ČSSD,Hlavní město Praha,m,216,216,1,1,1,1,-1,1,-1,0,0,0,0,-1,-1,0,0,-1,1,1,0,-1,-1,-1,1,1,1,0,0,,,1,1,-1,0,1,1,1,-1,1,-1
Ladislav,Skopal,ČSSD,Jihomoravský,m,235,235,-1,1,1,-1,-1,0,-1,0,0,0,0,0,0,0,1,0,1,1,-1,1,-1,0,1,0,1,1,1,,,1,0,-1,1,0,1,0,-1,0,0
Bohuslav,Sobotka,ČSSD,Jihomoravský,m,237,237,-1,1,-1,-1,0,-1,-1,-1,-1,-1,-1,-1,0,0,-1,-1,1,1,1,1,-1,0,0,0,1,1,0,,,1,1,1,1,0,1,1,-1,0,-1
Zdeněk,Škromach,ČSSD,Zlínský,m,239,239,0,0,0,0,0,0,0,0,0,0,0,0,0,0,0,0,0,0,0,0,0,0,0,0,0,0,0,,,1,0,0,0,0,0,0,0,0,0
Lubomír,Zaorálek,ČSSD,Moravskoslezský,m,252,252,-1,1,1,1,0,0,0,-1,0,0,0,-1,0,0,0,-1,1,1,0,-1,-1,0,0,1,1,1,1,,,1,1,0,1,0,0,0,-1,0,0
Zdeňka,Horníková,ODS,Královéhradecký,f,261,261,1,-1,1,1,1,1,1,1,1,1,1,0,0,1,0,1,1,1,1,1,1,1,0,1,0,0,0,,,-1,0,-1,-1,-1,0,0,0,-1,0
Jiří,Papež,ODS,Plzeňský,m,269,269,1,-1,1,1,1,1,1,0,0,0,0,0,0,0,1,0,1,1,1,1,1,1,1,1,-1,1,1,,,-1,0,0,0,0,-1,-1,1,0,0
Jaroslav,Plachý,ODS,Zlínský,m,273,273,1,-1,1,-1,1,1,1,1,1,1,1,1,1,0,1,1,1,1,1,1,1,1,-1,1,-1,1,1,,,-1,-1,-1,-1,-1,-1,-1,1,-1,0
Jan,Vidím,ODS,Středočeský,m,280,280,1,-1,1,1,1,1,1,1,1,1,1,1,1,0,1,1,1,1,1,1,1,1,-1,1,-1,0,0,,,-1,-1,-1,-1,0,-1,-1,1,0,1
Vojtěch,Filip,KSČM,Jihočeský,m,303,303,-1,1,-1,1,-1,-1,1,-1,-1,-1,-1,-1,-1,-1,1,-1,1,1,1,-1,-1,-1,-1,1,1,1,1,,,1,0,-1,1,1,0,1,-1,1,0
Miroslav,Grebeníček,KSČM,Jihomoravský,m,305,305,-1,1,1,1,-1,-1,-1,-1,-1,-1,0,-1,-1,-1,1,-1,1,1,1,1,-1,0,0,0,1,0,0,,,1,1,-1,1,0,0,0,-1,0,1
Pavel,Kováčik,KSČM,Vysočina,m,309,309,-1,1,1,1,-1,-1,-1,-1,-1,-1,-1,-1,-1,-1,1,-1,1,1,1,1,-1,0,-1,1,1,1,0,,,1,1,-1,1,1,1,0,-1,1,0
Zuzka,Bebarová-Rujbrová,KSČM,Jihomoravský,f,312,312,-1,1,1,1,-1,-1,-1,-1,-1,-1,-1,0,0,-1,1,-1,1,1,1,1,-1,-1,1,0,1,1,1,,,1,1,-1,1,1,1,1,-1,0,1
Vlasta,Parkanová,TOP09-S,Jihočeský,f,340,340,1,-1,1,1,1,1,1,1,1,1,1,1,1,1,-1,-1,1,1,0,1,1,1,0,0,-1,0,1,,,-1,-1,-1,-1,-1,-1,0,0,0,1
Walter,Bartoš,ODS,Jihomoravský,m,345,345,1,-1,-1,-1,1,1,0,1,1,1,1,1,1,-1,1,0,1,1,1,0,0,0,0,1,-1,0,0,,,-1,-1,1,-1,-1,0,0,1,-1,0
Petr,Bendl,ODS,Středočeský,m,346,346,1,-1,1,1,1,1,1,1,1,1,1,1,1,1,1,1,1,1,1,1,0,0,0,1,-1,0,0,,,-1,-1,-1,-1,-1,0,0,1,0,0
Karel,Černý,ČSSD,Vysočina,m,354,354,-1,1,1,1,-1,-1,-1,-1,-1,-1,-1,-1,-1,0,-1,-1,1,1,1,1,-1,-1,0,1,1,0,0,,,0,1,-1,1,1,1,1,-1,1,-1
Michal,Doktor,ODS,Jihočeský,m,356,356,-1,-1,-1,1,1,1,1,1,1,1,1,1,-1,-1,0,0,1,1,0,0,0,-1,1,1,-1,0,-1,,,-1,-1,0,-1,-1,0,0,1,0,0
Pavel,Hojda,KSČM,Karlovarský,m,366,366,-1,1,1,1,-1,-1,-1,0,-1,-1,-1,-1,-1,-1,1,-1,1,1,-1,-1,-1,-1,-1,1,1,1,1,,,1,0,-1,0,0,1,1,-1,0,1
Miroslav,Kalousek,TOP09-S,Středočeský,m,377,377,1,-1,1,1,-1,1,1,0,1,1,1,0,0,1,-1,0,1,-1,0,1,1,1,1,1,-1,-1,1,,,-1,-1,1,0,0,0,0,1,0,0
Stanislav,Křeček,ČSSD,Hlavní město Praha,m,386,386,-1,1,1,-1,-1,1,-1,-1,-1,-1,-1,-1,-1,0,1,-1,1,1,1,-1,-1,-1,1,1,0,0,0,,,1,0,1,1,1,1,1,-1,1,0
Jaroslav,Lobkowicz,TOP09-S,Plzeňský,m,392,392,1,-1,1,1,1,1,1,1,1,1,1,1,1,1,1,1,1,1,1,1,1,1,-1,1,-1,-1,-1,,,-1,-1,-1,-1,-1,-1,-1,1,0,1
Miroslava,Němcová,ODS,Vysočina,f,401,401,1,-1,1,1,0,1,1,1,1,1,1,1,1,1,-1,1,1,1,1,1,1,1,1,1,-1,1,1,,,-1,-1,-1,-1,-1,1,1,1,-1,1
Břetislav,Petr,ČSSD,Moravskoslezský,m,410,410,-1,1,1,1,0,0,0,0,0,0,0,0,0,0,0,-1,1,0,1,1,-1,-1,-1,1,1,0,0,,,0,0,0,0,0,0,0,-1,0,-1
Pavel,Suchánek,ODS,Jihomoravský,m,415,415,1,-1,1,-1,0,1,1,1,0,0,0,1,1,1,1,1,1,1,1,1,1,1,-1,1,-1,0,0,,,-1,-1,-1,-1,-1,-1,-1,1,-1,0
Milan,Urban,ČSSD,Středočeský,m,422,422,-1,1,-1,1,0,1,-1,-1,-1,-1,-1,0,0,0,1,-1,1,1,1,0,-1,-1,1,1,1,1,1,,,1,1,1,1,0,0,1,-1,0,0
Petr,Gandalovič,ODS,Ústecký,m,1296,1296,0,0,0,0,0,0,0,0,0,0,0,0,0,0,0,0,0,0,0,0,0,0,0,0,0,0,0,,,-1,0,0,0,0,0,0,0,0,0
Stanislav,Grospič,KSČM,Středočeský,m,4778,4778,-1,1,1,1,-1,-1,-1,-1,-1,-1,-1,-1,-1,-1,1,-1,1,1,1,1,-1,0,1,1,1,1,1,,,1,1,-1,1,1,1,1,-1,1,0
Miroslav,Svoboda,ČSSD,Hlavní město Praha,m,5255,5255,1,1,1,-1,0,1,-1,0,-1,-1,-1,-1,-1,0,1,-1,1,1,0,-1,-1,-1,0,0,1,1,1,,,0,0,0,0,1,0,0,-1,0,-1
Jiří,Dolejš,KSČM,Hlavní město Praha,m,5261,5261,-1,1,1,1,-1,-1,-1,-1,-1,-1,-1,-1,-1,-1,1,-1,1,1,1,-1,-1,0,1,0,1,1,1,,,1,1,-1,1,1,1,-1,-1,1,1
Miloslava,Vostrá,KSČM,Středočeský,f,5268,5268,-1,1,1,1,-1,-1,-1,-1,-1,-1,-1,-1,-1,-1,1,-1,1,1,1,1,-1,-1,-1,1,1,1,1,,,1,1,-1,1,1,1,1,-1,1,1
Petr,Braný,KSČM,Jihočeský,m,5270,5270,-1,1,-1,1,-1,-1,-1,-1,-1,-1,-1,-1,-1,-1,1,-1,1,1,-1,-1,-1,0,-1,1,1,1,1,,,1,1,-1,1,0,1,1,-1,0,0
Václav,Votava,ČSSD,Plzeňský,m,5272,5272,-1,1,1,1,-1,1,-1,-1,-1,-1,-1,-1,-1,0,-1,-1,1,1,1,1,-1,0,1,1,1,1,1,,,1,1,-1,1,1,1,1,-1,1,-1
Jiří,Pospíšil,ODS,Plzeňský,m,5273,5273,1,-1,1,1,1,1,1,0,0,0,0,1,-1,1,-1,1,1,1,1,1,1,0,0,1,-1,0,0,,,-1,0,1,0,-1,-1,0,1,-1,0
Ivana,Levá,KSČM,Plzeňský,f,5274,5274,-1,1,1,1,-1,-1,-1,-1,-1,-1,-1,-1,-1,-1,0,-1,1,1,1,-1,-1,-1,-1,0,1,1,0,,,1,1,0,1,1,1,1,-1,1,1
Jaroslav,Krákora,ČSSD,Ústecký,m,5279,5279,-1,1,1,1,-1,1,-1,-1,0,0,0,-1,-1,0,-1,-1,1,1,1,1,-1,-1,1,1,1,1,-1,,,0,1,1,1,0,0,1,-1,1,0
Josef,Šenfeld,KSČM,Ústecký,m,5282,5282,-1,1,1,1,-1,-1,-1,-1,-1,-1,-1,-1,-1,-1,0,-1,1,1,-1,1,-1,-1,1,1,1,1,1,,,0,1,-1,1,1,1,1,-1,1,0
Soňa,Marková,KSČM,Královéhradecký,f,5290,5290,-1,1,1,1,-1,-1,-1,-1,-1,-1,0,-1,-1,-1,0,-1,1,1,1,1,-1,-1,-1,1,1,1,1,,,1,1,-1,1,1,1,1,-1,0,0
Miroslav,Váňa,ČSSD,Pardubický,m,5292,5292,1,1,1,1,0,1,-1,-1,-1,-1,-1,-1,-1,0,1,-1,1,1,1,1,-1,0,0,0,1,1,0,,,1,0,-1,1,1,1,1,-1,1,-1
Petr,Zgarba,ČSSD,Vysočina,m,5294,5294,0,1,0,1,0,0,0,0,0,0,0,0,0,0,0,0,0,0,0,0,0,0,1,1,1,0,0,,,0,0,0,0,0,0,0,-1,1,0
Marie,Rusová,KSČM,Vysočina,f,5296,5296,-1,1,1,1,-1,-1,-1,-1,-1,-1,-1,-1,-1,-1,0,-1,1,-1,1,1,-1,0,1,0,1,1,1,,,1,1,-1,1,1,1,0,-1,1,1
Michal,Hašek,ČSSD,Jihomoravský,m,5297,5297,-1,1,-1,-1,0,0,-1,-1,0,0,0,0,0,0,0,0,1,0,1,0,-1,0,0,1,1,1,0,,,1,0,-1,1,1,1,0,0,0,0
Václav,Mencl,ODS,Jihomoravský,m,5300,5300,1,-1,1,1,1,1,1,1,0,1,1,-1,1,1,1,0,1,1,1,0,1,1,-1,1,-1,0,0,,,-1,0,-1,-1,-1,-1,-1,1,0,1
David,Šeich,ODS,Jihomoravský,m,5301,5301,1,-1,1,-1,1,0,1,1,0,0,0,-1,-1,1,-1,1,1,-1,1,1,1,1,-1,1,-1,0,0,,,-1,0,-1,-1,-1,0,-1,1,-1,0
Alexander,Černý,KSČM,Olomoucký,m,5307,5307,-1,1,1,1,-1,-1,-1,-1,-1,-1,-1,-1,-1,-1,1,-1,1,1,1,-1,-1,0,-1,1,1,1,1,,,1,1,-1,1,1,1,1,0,1,1
Antonín,Seďa,ČSSD,Zlínský,m,5310,5310,1,1,-1,1,-1,1,-1,-1,-1,-1,-1,0,0,0,1,-1,1,1,1,0,0,-1,-1,1,1,1,1,,,1,1,1,1,1,1,1,-1,0,0
Josef,Smýkal,ČSSD,Zlínský,m,5311,5311,-1,1,1,1,0,-1,0,-1,0,0,0,0,0,0,0,-1,1,1,0,1,-1,-1,0,1,1,1,1,,,1,0,-1,1,1,1,1,-1,1,0
Vladimír,Koníček,KSČM,Zlínský,m,5313,5313,-1,1,1,1,-1,-1,-1,-1,-1,-1,-1,-1,-1,-1,1,-1,1,1,-1,1,-1,0,0,1,1,0,1,,,1,1,-1,1,1,1,1,-1,1,1
Alfréd,Michalík,ČSSD,Moravskoslezský,m,5317,5317,-1,1,-1,-1,0,-1,0,-1,0,0,0,0,0,0,0,-1,0,0,0,0,0,-1,-1,1,1,0,1,,,1,1,-1,1,0,0,1,-1,0,0
Kateřina,Konečná,KSČM,Moravskoslezský,f,5321,5321,-1,1,1,1,-1,-1,-1,-1,-1,-1,0,-1,-1,-1,1,-1,1,-1,1,-1,-1,0,0,1,1,1,0,,,1,0,0,1,1,1,0,-1,1,1
Miroslav,Opálka,KSČM,Moravskoslezský,m,5322,5322,-1,1,1,1,-1,-1,0,0,0,0,0,0,0,0,1,-1,1,1,1,1,-1,-1,1,1,1,1,1,,,1,1,-1,0,1,1,1,-1,1,0
Robin,Böhnisch,ČSSD,Královéhradecký,m,5342,5342,-1,1,1,-1,-1,0,-1,0,-1,-1,-1,0,0,0,-1,-1,-1,1,0,1,-1,-1,0,1,1,0,0,,,1,0,1,0,0,1,1,-1,-1,-1
Jozef,Kochan,ODS,Královéhradecký,m,5375,5375,0,0,0,0,0,0,0,0,0,0,0,0,0,0,0,0,0,0,0,0,0,0,0,0,-1,0,0,,,0,0,0,0,0,0,0,0,0,0
Petr,Tluchoř,ODS,Středočeský,m,5376,5376,1,0,1,0,1,1,1,0,1,1,1,1,0,1,1,1,1,-1,-1,1,1,0,0,0,0,0,0,,,-1,-1,-1,0,0,0,-1,0,0,0
Jan,Bauer,ODS,Jihočeský,m,5379,5379,1,-1,1,1,0,1,0,1,1,1,0,0,0,1,1,1,1,1,1,1,1,0,1,1,-1,0,0,,,-1,-1,-1,-1,-1,-1,-1,1,0,0
František,Bublan,ČSSD,Vysočina,m,5383,5383,1,0,1,0,-1,1,-1,-1,0,0,0,-1,-1,0,1,-1,1,1,1,0,-1,-1,0,0,0,0,0,,,1,0,-1,1,1,1,1,0,0,0
Jiří,Paroubek,ČSSD,Ústecký,m,5384,5384,-1,1,-1,1,0,-1,0,0,-1,0,0,-1,0,-1,-1,-1,-1,0,1,0,0,0,-1,1,-1,0,0,,,0,1,1,0,1,1,1,-1,1,-1
Vítězslav,Jandák,ČSSD,Jihočeský,m,5402,5402,1,1,1,-1,0,1,0,0,0,0,0,-1,0,0,0,-1,0,1,1,1,-1,0,1,-1,1,0,0,,,0,0,0,0,0,1,0,-1,1,-1
David,Rath,ČSSD,Středočeský,m,5406,5406,-1,-1,-1,-1,0,0,-1,0,-1,-1,-1,-1,0,0,0,0,0,0,0,0,0,0,0,0,0,0,0,,,1,0,0,1,0,0,0,0,0,0
Cyril,Zapletal,ČSSD,Liberecký,m,5415,5415,1,1,1,-1,-1,1,-1,0,-1,-1,-1,-1,-1,0,0,-1,1,1,1,1,-1,-1,1,1,1,0,1,,,0,1,0,0,1,1,1,-1,1,-1
Jiří,Koskuba,ČSSD,Hlavní město Praha,m,5433,5433,-1,1,1,-1,-1,1,0,-1,-1,-1,-1,-1,-1,0,-1,1,1,-1,1,-1,-1,0,1,1,1,0,0,,,1,1,1,1,1,1,1,-1,1,-1
Marek,Šnajdr,ODS,Středočeský,m,5437,5437,1,0,-1,0,-1,1,0,1,0,0,0,1,0,0,0,1,1,-1,-1,1,1,-1,0,0,0,0,0,,,-1,-1,-1,-1,0,0,-1,0,0,0
Jan,Babor,ČSSD,Jihočeský,m,5444,5444,-1,1,1,-1,-1,1,-1,-1,0,0,0,-1,-1,0,-1,-1,0,1,1,1,-1,-1,-1,1,1,1,-1,,,1,1,-1,1,0,0,1,-1,0,0
Zdeněk,Boháč,ODS,Olomoucký,m,5445,5445,1,-1,1,1,-1,1,1,1,0,0,0,1,1,0,1,1,1,1,1,1,1,0,1,0,-1,0,0,,,-1,-1,-1,-1,-1,0,-1,1,0,1
Pavel,Bohatec,ODS,Středočeský,m,5446,5446,0,-1,0,1,0,0,0,0,0,0,0,0,0,0,0,0,0,0,0,0,0,0,1,1,-1,0,0,,,0,0,0,0,0,0,0,1,-1,0
Vlasta,Bohdalová,ČSSD,Jihočeský,f,5447,5447,-1,1,1,1,-1,0,0,0,0,0,0,-1,-1,0,1,-1,1,1,1,1,-1,-1,1,1,1,0,0,,,0,1,-1,0,1,1,0,-1,0,-1
František,Dědič,ODS,Jihočeský,m,5453,5453,1,-1,1,1,1,1,1,1,1,1,0,1,1,0,0,1,1,1,1,1,1,1,1,1,-1,0,0,,,-1,-1,-1,-1,0,-1,-1,1,-1,1
Richard,Dolejš,ČSSD,Středočeský,m,5456,5456,-1,1,1,1,-1,1,-1,-1,-1,-1,-1,-1,-1,0,-1,-1,1,1,1,1,-1,0,1,1,1,1,0,,,1,1,-1,1,1,1,0,-1,1,-1
Radim,Fiala,ODS,Olomoucký,m,5459,5459,1,-1,1,-1,0,1,0,1,1,1,1,1,-1,0,0,1,1,1,1,1,1,0,0,-1,0,0,-1,,,-1,-1,0,-1,-1,-1,-1,1,0,0
Dana,Filipi,ODS,Jihomoravský,f,5460,5460,1,-1,1,1,1,1,0,1,1,1,1,1,1,1,1,1,1,1,1,0,1,1,0,0,-1,1,1,,,-1,-1,-1,-1,-1,0,-1,1,-1,0
Milada,Halíková,KSČM,Moravskoslezský,f,5461,5461,-1,1,1,1,-1,-1,-1,-1,-1,-1,0,-1,-1,-1,1,-1,1,1,1,1,-1,-1,1,1,1,1,1,,,1,1,1,1,1,1,1,-1,1,0
Jan,Hamáček,ČSSD,Středočeský,m,5462,5462,1,1,-1,1,0,0,-1,-1,-1,-1,-1,-1,-1,0,-1,-1,1,1,0,1,-1,0,1,1,1,1,-1,,,1,1,0,1,0,0,1,-1,0,0
Gabriela,Kalábková,ČSSD,Hlavní město Praha,f,5469,5469,0,0,0,0,0,0,0,0,0,0,0,0,0,0,0,0,0,0,0,0,0,0,0,0,1,1,1,,,0,0,0,0,0,0,0,0,0,-1
Jiří,Krátký,ČSSD,Olomoucký,m,5472,5472,-1,1,1,-1,0,-1,-1,-1,-1,0,0,-1,-1,0,0,-1,1,1,1,1,-1,-1,1,1,1,1,1,,,0,0,-1,1,1,0,1,-1,0,0
Jaroslav,Krupka,ODS,Moravskoslezský,m,5473,5473,-1,-1,-1,-1,1,1,0,1,1,1,1,1,1,1,-1,1,1,1,1,0,0,0,0,1,-1,1,1,,,0,-1,-1,-1,-1,-1,-1,1,0,0
Jan,Látka,ČSSD,Plzeňský,m,5475,5475,1,0,1,0,0,1,-1,-1,-1,-1,-1,-1,-1,0,-1,-1,1,1,1,1,-1,0,0,0,0,0,0,,,1,1,-1,1,0,1,1,0,0,0
František,Laudát,ODS,Hlavní město Praha,m,5476,5476,1,-1,1,-1,1,1,1,1,1,1,1,1,1,1,1,1,1,1,1,1,1,1,1,0,-1,-1,1,,,-1,-1,-1,-1,-1,-1,0,1,-1,1
Vladimíra,Lesenská,ČSSD,Královéhradecký,f,5477,5477,1,1,1,-1,0,0,-1,-1,0,0,0,-1,-1,0,1,-1,1,1,1,1,-1,-1,1,0,1,1,0,,,1,0,-1,1,0,1,1,-1,1,0
František,Novosad,ČSSD,Zlínský,m,5485,5485,-1,1,1,1,0,-1,-1,-1,-1,-1,-1,-1,-1,0,-1,-1,1,1,1,1,-1,0,1,1,1,1,1,,,1,1,-1,1,1,1,1,-1,1,0
Ivan,Ohlídal,ČSSD,Jihomoravský,m,5486,5486,1,1,1,1,0,-1,0,0,-1,-1,-1,-1,-1,0,1,-1,1,1,1,1,-1,0,0,0,1,1,1,,,1,1,0,0,1,1,1,-1,1,-1
Jiří,Petrů,ČSSD,Jihomoravský,m,5487,5487,-1,1,1,1,1,1,-1,-1,-1,-1,-1,-1,-1,0,-1,-1,1,1,1,1,-1,-1,1,1,1,1,1,,,1,1,-1,1,1,1,1,-1,1,-1
Pavel,Ploc,ČSSD,Liberecký,m,5490,5490,1,1,1,1,0,-1,-1,-1,-1,-1,-1,-1,-1,0,1,-1,-1,1,1,1,-1,-1,1,1,1,1,1,,,1,1,1,1,1,0,1,-1,0,0
Aleš,Rádl,ODS,Středočeský,m,5495,5495,1,-1,1,-1,1,0,1,0,0,0,0,1,1,1,1,-1,1,-1,1,1,1,0,1,0,-1,0,0,,,-1,-1,-1,0,-1,-1,-1,1,0,0
František,Sivera,ODS,Jihomoravský,m,5501,5501,1,-1,1,-1,1,1,1,0,1,1,1,1,1,1,1,1,1,1,1,1,1,0,1,1,-1,0,0,,,-1,-1,1,1,-1,0,-1,1,0,1
Pavel,Svoboda,ODS,Zlínský,m,5505,5505,1,-1,1,-1,0,1,0,1,0,0,0,0,0,-1,-1,1,1,1,0,1,1,1,0,1,-1,0,0,,,-1,0,-1,-1,-1,-1,-1,1,0,0
Karel,Šidlo,KSČM,Plzeňský,m,5506,5506,-1,1,1,1,-1,-1,-1,-1,-1,-1,-1,-1,-1,-1,1,-1,1,-1,1,-1,-1,-1,1,1,1,1,1,,,1,1,-1,1,1,1,1,-1,1,0
Ladislav,Šincl,ČSSD,Moravskoslezský,m,5507,5507,1,1,1,-1,0,-1,0,-1,0,0,0,-1,-1,0,0,-1,1,1,0,1,-1,0,0,1,1,0,0,,,0,1,-1,1,1,1,1,-1,0,0
Václav,Šlajs,ČSSD,Plzeňský,m,5508,5508,0,1,0,0,0,0,0,0,0,0,0,0,0,0,0,0,0,0,0,0,0,0,1,0,0,0,0,,,0,0,0,0,0,0,0,0,0,0
Boris,Šťastný,ODS,Hlavní město Praha,m,5512,5512,1,-1,1,-1,0,0,1,1,0,0,0,0,0,0,0,1,1,1,1,1,1,1,-1,0,-1,0,0,,,-1,0,-1,-1,-1,-1,0,1,0,0
Jeroným,Tejc,ČSSD,Jihomoravský,m,5513,5513,-1,1,1,1,-1,1,-1,0,-1,-1,-1,-1,-1,0,-1,-1,1,1,1,-1,-1,-1,1,1,1,0,0,,,1,1,-1,0,1,1,1,-1,1,-1
Tomáš,Úlehla,ODS,Zlínský,m,5516,5516,1,-1,1,-1,1,1,0,1,1,1,1,1,0,-1,1,1,1,0,1,1,1,0,0,1,0,-1,1,,,-1,-1,0,-1,-1,0,0,1,0,0
Vladislav,Vilímec,ODS,Plzeňský,m,5520,5520,1,-1,1,1,0,1,1,1,1,1,1,1,1,1,0,1,1,1,1,1,1,1,1,1,-1,1,1,,,-1,-1,-1,-1,-1,-1,-1,1,0,1
Martin,Pecina,ČSSD,Hlavní město Praha,m,5552,5552,0,0,0,0,0,0,0,0,0,0,0,0,0,0,0,0,0,0,0,0,0,0,0,0,0,0,0,,,1,0,-1,0,0,0,0,0,0,0
Karel,Schwarzenberg,TOP09-S,Hlavní město Praha,m,5558,5558,1,-1,1,1,0,1,0,1,1,0,1,0,0,1,-1,0,1,1,-1,1,1,0,0,0,-1,-1,-1,,,0,-1,1,-1,0,0,0,1,0,0
Miroslav,Jeník,ODS,Středočeský,m,5766,5766,1,-1,1,1,1,1,1,1,1,1,1,1,1,1,0,1,1,1,1,1,1,1,1,1,-1,0,0,,,-1,-1,0,-1,-1,-1,-1,1,-1,0
Vojtěch,Adam,KSČM,Jihomoravský,m,5768,5768,-1,1,1,1,-1,0,0,0,0,0,0,0,0,0,1,-1,-1,1,0,1,-1,0,1,0,1,1,1,,,1,1,-1,0,1,1,0,-1,0,0
Jan,Husák,TOP09-S,Jihomoravský,m,5819,5819,1,-1,1,1,1,1,0,1,1,1,1,1,1,1,1,1,1,1,1,1,1,1,1,1,-1,-1,1,,,-1,-1,-1,-1,-1,-1,-1,1,0,0
Jiří,Šulc,ODS,Ústecký,m,5859,5859,1,-1,1,-1,1,1,1,0,1,1,1,1,1,1,-1,1,1,1,1,1,1,1,1,1,-1,-1,1,,,-1,-1,-1,0,1,-1,-1,1,-1,1
Ladislav,Velebný,ČSSD,Moravskoslezský,m,5866,5866,1,1,1,1,0,-1,-1,-1,-1,-1,0,-1,-1,0,1,-1,1,1,1,1,-1,0,0,1,1,0,0,,,0,1,-1,1,1,1,1,-1,0,0
Lenka,Andrýsová,VV,Olomoucký,f,5890,5890,1,-1,1,1,1,1,1,1,1,1,1,1,1,1,0,1,1,1,1,1,1,1,1,1,-1,0,1,,,-1,-1,-1,-1,-1,-1,-1,1,-1,-1
Pavel,Antonín,ČSSD,Vysočina,m,5891,5891,-1,1,1,1,-1,-1,-1,0,-1,-1,-1,-1,-1,0,0,-1,1,1,1,1,-1,-1,1,1,1,0,0,,,1,1,-1,0,0,0,1,-1,0,0
Michal,Babák,VV,Jihomoravský,m,5892,5892,1,1,1,1,1,0,1,1,1,1,1,0,0,1,-1,1,1,-1,1,1,-1,1,1,0,1,1,0,,,-1,0,1,0,-1,-1,0,1,0,-1
Vít,Bárta,VV,Hlavní město Praha,m,5893,5893,-1,1,-1,1,-1,1,1,1,0,1,1,-1,0,1,0,1,1,0,0,-1,-1,-1,0,1,1,1,1,,,-1,0,-1,0,0,0,-1,1,0,0
Václav,Baštýř,ODS,Jihočeský,m,5894,5894,1,-1,1,1,-1,1,1,1,0,0,0,1,1,1,0,1,1,1,1,1,1,0,0,0,-1,0,0,,,-1,0,0,-1,-1,0,-1,1,0,0
Pavel,Bém,ODS,Hlavní město Praha,m,5895,5895,1,-1,-1,-1,1,1,0,0,1,1,1,-1,0,-1,0,-1,0,1,1,0,0,0,1,0,-1,0,0,,,-1,0,-1,0,0,-1,-1,1,0,0
Jiří,Besser,TOP09-S,Středočeský,m,5896,5896,1,-1,1,1,-1,1,1,1,1,1,1,1,1,1,-1,1,1,1,0,1,1,1,1,1,-1,-1,1,,,-1,0,-1,-1,0,-1,0,1,0,0
Zdeněk,Bezecný,TOP09-S,Jihočeský,m,5897,5897,1,-1,1,1,1,1,1,1,1,1,1,1,1,1,-1,1,1,1,1,1,1,1,1,1,-1,-1,1,,,-1,-1,-1,-1,-1,-1,-1,0,-1,1
Ludmila,Bubeníková,TOP09-S,Moravskoslezský,f,5898,5898,1,-1,1,1,0,1,1,1,1,1,1,1,1,1,-1,1,1,1,1,1,1,1,1,1,-1,-1,1,,,-1,-1,-1,-1,-1,-1,-1,1,-1,1
Jan,Bureš,ODS,Karlovarský,m,5899,5899,1,-1,1,-1,0,1,1,1,1,1,1,1,1,1,1,1,1,1,0,1,1,1,1,1,-1,1,1,,,-1,-1,1,-1,-1,0,-1,1,-1,0
Václav,Cempírek,TOP09-S,Pardubický,m,5900,5900,1,-1,-1,1,1,0,1,1,1,1,1,1,1,1,1,1,1,1,0,0,0,0,1,1,-1,-1,-1,,,-1,-1,-1,-1,-1,0,-1,1,0,1
Josef,Cogan,TOP09-S,Královéhradecký,m,5901,5901,1,-1,1,1,1,1,1,1,1,1,1,1,1,1,-1,1,1,1,1,1,1,1,1,1,-1,-1,1,,,-1,-1,-1,-1,-1,-1,-1,1,-1,1
Jan,Čechlovský,ODS,Pardubický,m,5902,5902,1,-1,1,1,1,1,1,1,1,0,0,1,1,1,1,1,1,1,1,1,1,1,0,1,-1,0,0,,,-1,-1,-1,-1,-1,-1,-1,0,-1,0
Jana,Černochová,ODS,Hlavní město Praha,f,5903,5903,1,-1,-1,-1,1,1,1,1,1,1,1,1,1,1,1,1,1,0,1,0,0,0,0,1,-1,1,1,,,-1,-1,-1,-1,-1,-1,-1,1,0,1
Josef,Dobeš,VV,Jihomoravský,m,5904,5904,-1,-1,-1,-1,-1,0,0,1,0,0,0,0,0,1,0,0,1,1,0,0,0,0,0,1,1,0,0,,,-1,0,0,0,0,0,0,1,0,0
Jaromír,Drábek,TOP09-S,Ústecký,m,5905,5905,1,-1,1,1,1,1,1,1,1,1,1,1,1,1,-1,-1,1,1,0,1,1,1,1,1,-1,-1,1,,,-1,-1,-1,-1,-1,0,-1,1,-1,1
Jana,Drastichová,VV,Moravskoslezský,f,5906,5906,1,1,1,1,1,1,1,1,1,1,1,1,1,1,0,1,1,1,0,1,-1,1,1,1,1,1,0,,,-1,-1,-1,-1,-1,1,-1,0,0,-1
Pavel,Drobil,ODS,Moravskoslezský,m,5907,5907,1,-1,1,1,1,0,0,0,0,0,0,0,0,1,0,1,1,1,1,1,1,0,0,1,-1,0,0,,,-1,0,1,0,-1,0,0,1,0,1
Jaroslav,Eček,TOP09-S,Hlavní město Praha,m,5908,5908,1,-1,1,1,1,1,1,1,1,0,1,1,1,1,1,1,1,1,1,1,1,1,1,1,-1,-1,1,,,-1,-1,-1,-1,-1,-1,-1,1,-1,1
Jan,Farský,TOP09-S,Liberecký,m,5909,5909,1,-1,1,1,0,1,1,1,1,1,0,1,1,1,-1,1,1,1,1,1,1,1,1,1,-1,-1,1,,,0,-1,0,-1,-1,-1,0,1,-1,0
Jan,Florián,ODS,Hlavní město Praha,m,5910,5910,1,-1,1,-1,1,0,1,0,1,1,1,0,0,1,0,1,0,1,1,-1,1,1,0,0,0,0,0,,,-1,-1,1,0,-1,-1,-1,1,-1,0
Jaroslav,Foldyna,ČSSD,Ústecký,m,5911,5911,-1,1,1,1,-1,1,-1,0,0,0,0,0,0,0,1,-1,1,1,1,1,-1,0,0,1,1,0,0,,,1,0,1,0,0,1,1,-1,0,0
Štěpánka,Fraňková,VV,Pardubický,m,5912,5912,0,0,0,0,1,0,0,0,0,0,0,0,0,0,0,0,0,0,0,0,0,0,0,0,0,0,0,,,-1,0,0,0,0,0,0,0,0,0
Ivan,Fuksa,ODS,Středočeský,m,5913,5913,1,0,1,0,1,1,0,0,0,0,0,1,1,1,0,1,1,1,1,1,1,0,0,0,0,0,0,,,-1,0,1,0,-1,0,-1,0,0,0
Petr,Gazdík,TOP09-S,Zlínský,m,5914,5914,1,-1,1,1,1,1,1,1,1,1,1,1,1,1,-1,1,1,1,1,1,1,1,1,1,-1,-1,1,,,-1,-1,-1,-1,-1,-1,0,1,-1,1
Martin,Gregora,TOP09-S,Jihočeský,m,5915,5915,1,-1,1,1,1,1,1,1,1,1,1,0,0,1,1,1,1,-1,0,1,1,1,1,1,-1,-1,1,,,-1,-1,-1,-1,-1,-1,-1,1,-1,1
Alena,Hanáková,TOP09-S,Zlínský,f,5916,5916,1,-1,1,1,1,1,0,1,1,1,1,1,1,0,-1,1,1,1,1,1,1,1,1,1,-1,-1,1,,,-1,-1,-1,-1,-1,-1,0,1,-1,1
Leoš,Heger,TOP09-S,Královéhradecký,m,5917,5917,1,-1,1,1,1,1,1,1,0,0,0,1,1,1,0,1,1,1,1,1,1,1,0,1,-1,-1,1,,,-1,-1,-1,1,-1,-1,0,1,0,1
Pavel,Holík,ČSSD,Olomoucký,m,5918,5918,1,1,1,1,0,-1,-1,-1,0,0,0,-1,-1,0,0,-1,1,1,1,1,-1,0,1,0,1,1,0,,,1,1,-1,1,1,1,1,-1,1,-1
Václav,Horáček,TOP09-S,Liberecký,m,5919,5919,1,-1,1,1,1,1,1,1,1,1,1,1,1,1,-1,1,1,1,1,1,0,1,1,1,-1,-1,1,,,-1,-1,-1,-1,0,-1,-1,1,-1,1
Gabriela,Hubáčková,KSČM,Ústecký,f,5920,5920,-1,1,1,-1,0,-1,-1,-1,-1,-1,-1,-1,-1,-1,1,-1,1,1,1,1,-1,-1,0,0,1,1,1,,,0,1,-1,1,1,1,1,0,0,1
Stanislav,Huml,VV,Středočeský,m,5921,5921,-1,1,1,1,1,-1,-1,0,-1,-1,-1,-1,-1,0,0,-1,1,1,1,1,-1,-1,1,1,1,1,1,,,0,-1,1,0,0,1,1,-1,1,0
Jitka,Chalánková,TOP09-S,Olomoucký,f,5922,5922,1,-1,1,1,0,1,1,1,1,1,1,1,1,1,0,-1,1,1,1,1,1,0,1,1,-1,-1,1,,,-1,-1,0,-1,-1,-1,-1,1,-1,0
Otto,Chaloupka,VV,Jihomoravský,m,5923,5923,1,1,1,1,0,1,1,1,1,1,1,1,1,1,-1,1,0,-1,0,1,-1,1,1,0,1,1,1,,,-1,-1,1,-1,0,0,1,1,0,-1
Tomáš,Chalupa,ODS,Hlavní město Praha,m,5924,5924,1,-1,1,1,1,1,1,0,0,0,0,0,0,1,-1,1,1,1,-1,1,1,-1,0,0,-1,1,0,,,-1,0,-1,0,0,0,-1,1,0,1
Rudolf,Chlad,TOP09-S,Karlovarský,m,5925,5925,1,-1,1,1,1,1,1,1,1,1,1,1,1,1,-1,1,1,1,1,1,1,1,1,1,-1,0,0,,,0,-1,-1,-1,-1,-1,-1,1,-1,-1
Jan,Chvojka,ČSSD,Pardubický,m,5926,5926,1,1,1,1,-1,1,-1,0,-1,0,0,-1,-1,0,-1,-1,-1,1,1,1,-1,0,1,1,1,0,0,,,1,1,-1,0,1,1,1,-1,-1,-1
Petr,Jalowiczor,ČSSD,Moravskoslezský,m,5927,5927,0,0,0,0,-1,0,0,0,0,0,0,0,0,0,0,0,0,0,0,0,0,0,0,0,0,0,0,,,0,0,0,0,0,0,0,0,0,0
Michal,Janek,TOP09-S,Plzeňský,m,5928,5928,1,-1,1,1,1,1,1,1,1,1,1,1,1,1,1,1,1,1,1,1,1,1,1,1,-1,-1,1,,,-1,-1,-1,-1,-1,-1,-1,1,-1,0
Luděk,Jeništa,TOP09-S,Středočeský,m,5929,5929,1,0,1,0,1,1,1,1,1,1,1,1,1,1,-1,1,1,1,1,1,1,1,0,0,0,0,0,,,-1,-1,-1,-1,-1,-1,-1,0,0,0
Ladislav,Jirků,TOP09-S,Vysočina,m,5930,5930,1,-1,1,1,1,1,1,1,1,1,1,1,1,1,-1,1,1,1,1,1,1,1,1,1,-1,-1,1,,,-1,-1,-1,-1,-1,-1,-1,1,-1,1
Radim,Jirout,ODS,Pardubický,m,5931,5931,1,-1,1,1,0,1,1,0,0,0,0,1,1,1,1,0,1,1,1,1,1,1,1,1,-1,1,0,,,-1,-1,-1,-1,0,-1,-1,1,-1,0
Radek,John,VV,Hlavní město Praha,m,5932,5932,1,1,-1,1,1,1,1,1,1,1,1,1,1,1,-1,1,1,1,1,1,-1,-1,1,1,1,1,1,,,-1,-1,-1,-1,0,0,0,1,1,0
David,Kádner,VV,Ústecký,m,5933,5933,1,1,1,1,0,1,1,1,0,0,0,1,1,1,-1,1,1,1,1,1,0,1,1,1,1,0,0,,,-1,-1,-1,-1,-1,-1,0,1,1,-1
Jan,Klán,KSČM,Středočeský,m,5934,5934,-1,1,1,1,-1,-1,-1,-1,-1,-1,-1,-1,-1,-1,1,-1,1,-1,1,1,-1,-1,1,1,1,1,1,,,1,1,-1,1,1,1,1,-1,1,1
Kateřina,Klasnová,VV,Středočeský,f,5935,5935,1,1,1,1,1,0,1,1,1,1,1,-1,1,0,-1,-1,1,1,1,0,-1,1,1,0,1,1,1,,,-1,-1,-1,-1,-1,0,1,1,0,0
Kristýna,Kočí,VV,Moravskoslezský,f,5936,5936,1,-1,1,1,1,1,1,0,0,0,0,1,1,-1,-1,0,1,1,1,1,-1,1,1,1,1,0,0,,,-1,1,-1,0,0,1,1,0,-1,1
Lenka,Kohoutová,ODS,Hlavní město Praha,f,5937,5937,1,-1,1,1,1,1,1,1,1,1,1,-1,1,1,0,1,1,1,1,1,1,0,1,1,-1,1,1,,,-1,-1,-1,-1,-1,-1,-1,0,-1,1
Květa,Matušovská,KSČM,Pardubický,f,5938,5938,-1,1,1,1,-1,-1,-1,-1,-1,-1,-1,-1,-1,-1,1,-1,1,1,1,1,-1,-1,-1,1,1,1,1,,,1,1,-1,1,1,1,1,-1,1,0
Daniel,Korte,TOP09-S,Hlavní město Praha,m,5939,5939,1,-1,1,-1,1,1,1,1,1,1,1,0,0,1,0,1,1,-1,1,1,1,1,0,0,-1,-1,0,,,-1,-1,-1,0,-1,-1,-1,1,-1,0
Rom,Kostřica,TOP09-S,Jihomoravský,m,5940,5940,1,-1,1,-1,1,1,1,1,1,1,1,0,0,1,-1,1,1,1,-1,1,1,1,1,1,-1,-1,-1,,,-1,-1,-1,-1,-1,-1,-1,1,-1,1
Patricie,Kotalíková,TOP09-S,Ústecký,f,5941,5941,1,-1,1,1,1,1,0,0,0,0,0,1,1,1,-1,1,1,1,1,1,1,1,1,1,-1,-1,1,,,-1,-1,-1,0,-1,-1,-1,1,-1,1
Václav,Kubata,TOP09-S,Hlavní město Praha,m,5942,5942,1,-1,1,1,1,1,1,1,1,1,1,1,1,1,-1,1,1,1,1,1,1,1,1,1,-1,-1,1,,,-1,-1,0,-1,-1,-1,0,1,-1,0
Helena,Langšádlová,TOP09-S,Středočeský,f,5943,5943,1,-1,1,1,1,1,1,1,1,1,1,1,0,1,-1,1,1,-1,1,1,1,0,1,1,-1,-1,1,,,-1,-1,-1,-1,-1,0,0,1,0,1
Pavol,Lukša,TOP09-S,Moravskoslezský,m,5944,5944,1,-1,-1,-1,1,1,1,1,1,1,1,1,1,1,0,1,1,1,1,0,0,0,1,0,-1,-1,0,,,0,-1,-1,-1,-1,-1,-1,1,0,0
Jaroslav,Martinů,ODS,Pardubický,m,5945,5945,1,-1,1,1,1,1,1,1,1,1,1,1,1,1,1,1,1,1,1,1,1,1,1,1,-1,0,0,,,-1,-1,-1,-1,-1,-1,-1,1,-1,1
Dagmar,Navrátilová,VV,Olomoucký,f,5946,5946,1,-1,1,1,1,1,1,1,1,-1,1,1,1,1,-1,1,1,1,1,1,1,1,1,1,-1,1,1,,,-1,-1,-1,-1,-1,0,-1,1,-1,-1
Marie,Nedvědová,KSČM,Liberecký,f,5947,5947,-1,1,1,1,-1,-1,-1,-1,-1,-1,-1,-1,-1,-1,1,-1,-1,1,1,1,-1,-1,1,1,1,1,1,,,1,1,-1,1,0,1,1,-1,1,0
Josef,Nekl,KSČM,Olomoucký,m,5948,5948,-1,1,1,1,-1,-1,-1,-1,-1,-1,-1,-1,-1,-1,1,-1,1,1,1,1,-1,-1,1,1,1,1,1,,,1,1,-1,1,1,1,1,-1,1,0
Vít,Němeček,ODS,Liberecký,m,5949,5949,1,-1,1,1,1,1,-1,1,0,0,0,1,1,1,0,1,1,1,0,1,1,0,1,1,-1,0,0,,,-1,0,-1,-1,-1,0,-1,1,-1,0
Václav,Neubauer,ČSSD,Pardubický,m,5950,5950,1,1,1,-1,-1,-1,-1,-1,-1,-1,-1,0,0,0,1,-1,1,1,1,1,-1,-1,0,1,1,0,0,,,1,1,-1,1,1,1,0,-1,1,-1
Jiří,Oliva,TOP09-S,Královéhradecký,m,5951,5951,1,-1,1,1,1,1,1,1,1,1,1,1,1,1,1,0,1,1,1,1,1,1,-1,1,-1,-1,1,,,-1,-1,-1,-1,1,-1,-1,1,-1,-1
Viktor,Paggio,VV,Jihočeský,m,5952,5952,1,-1,1,1,1,0,1,1,1,1,1,1,1,1,-1,1,1,1,1,1,1,1,1,1,-1,1,1,,,-1,-1,-1,-1,0,0,-1,1,-1,-1
Jan,Pajer,ODS,Královéhradecký,m,5953,5953,1,-1,1,1,1,1,1,1,1,1,1,1,1,1,-1,1,1,1,1,1,1,1,1,1,-1,-1,1,,,-1,-1,-1,-1,0,-1,0,1,-1,1
Karolína,Peake,VV,Hlavní město Praha,f,5954,5954,1,-1,1,-1,1,1,1,1,0,0,0,0,0,1,0,1,1,1,1,1,1,1,1,1,0,0,1,,,-1,-1,1,-1,0,0,0,1,0,0
Gabriela,Pecková,TOP09-S,Hlavní město Praha,f,5955,5955,1,-1,1,1,1,1,1,1,1,1,1,1,1,1,1,1,1,1,1,1,1,1,1,1,-1,-1,1,,,-1,-1,-1,-1,-1,-1,-1,1,-1,1
Stanislav,Polčák,TOP09-S,Hlavní město Praha,m,5956,5956,1,-1,1,1,1,1,1,0,1,1,1,1,1,1,-1,-1,1,1,1,1,1,0,1,1,-1,-1,-1,,,-1,-1,-1,0,-1,-1,-1,1,-1,0
Anna,Putnová,TOP09-S,Jihomoravský,f,5957,5957,1,-1,1,1,1,1,1,1,1,1,1,0,0,1,1,0,1,1,1,1,1,1,1,1,-1,-1,1,,,-1,-1,0,-1,-1,-1,-1,1,-1,1
Jana,Kaslová,TOP09-S,Hlavní město Praha,f,5958,5958,1,-1,1,1,1,1,1,1,1,1,1,1,1,0,0,-1,1,1,1,1,1,1,1,0,-1,0,0,,,-1,-1,-1,-1,-1,0,-1,1,-1,0
Aleš,Roztočil,TOP09-S,Vysočina,m,5959,5959,1,-1,1,-1,0,1,1,1,0,0,0,1,0,1,-1,1,1,1,1,1,1,0,1,1,-1,-1,-1,,,0,-1,-1,-1,0,-1,0,1,-1,1
Adam,Rykala,ČSSD,Moravskoslezský,m,5960,5960,-1,1,1,1,-1,1,-1,-1,0,0,0,0,0,0,0,-1,0,1,0,-1,-1,0,1,1,1,1,1,,,1,0,1,1,0,0,0,-1,1,-1
Ivana,Řápková,ODS,Ústecký,f,5961,5961,1,-1,1,-1,1,1,1,1,0,0,0,1,-1,1,1,1,1,1,0,1,1,1,1,0,-1,0,0,,,-1,-1,-1,-1,-1,-1,-1,1,-1,1
Marta,Semelová,KSČM,Hlavní město Praha,f,5962,5962,-1,1,1,1,-1,-1,-1,-1,-1,-1,-1,-1,-1,-1,1,-1,1,1,1,-1,-1,-1,-1,1,1,1,1,,,1,1,-1,1,1,1,1,-1,1,0
Jaroslava,Schejbalová,TOP09-S,Jihomoravský,f,5963,5963,1,-1,1,-1,1,0,1,1,1,1,1,1,1,1,0,1,1,1,1,1,1,1,1,1,-1,-1,1,,,-1,-1,0,-1,-1,-1,0,0,-1,1
Jiří,Skalický,TOP09-S,Pardubický,m,5964,5964,1,-1,1,1,0,1,1,0,0,0,0,1,1,1,1,1,1,1,1,1,1,1,1,1,-1,-1,1,,,-1,-1,-1,0,-1,-1,0,1,-1,0
Roman,Sklenák,ČSSD,Jihomoravský,m,5965,5965,-1,1,1,1,-1,-1,-1,-1,-1,-1,-1,-1,-1,0,0,-1,1,1,-1,-1,-1,-1,1,1,1,1,0,,,1,1,-1,1,1,1,1,-1,1,-1
Petr,Skokan,VV,Liberecký,m,5966,5966,-1,1,1,1,1,1,1,1,1,1,1,-1,1,1,-1,0,1,1,1,1,-1,1,1,1,1,1,0,,,0,0,-1,-1,-1,-1,0,1,1,-1
Jan,Smutný,TOP09-S,Středočeský,m,5967,5967,1,-1,1,1,1,1,1,1,1,1,1,1,1,1,-1,1,1,1,1,1,1,0,1,1,-1,-1,0,,,-1,-1,-1,-1,-1,-1,-1,1,-1,1
Pavel,Staněk,ODS,Královéhradecký,m,5968,5968,1,-1,1,1,1,1,1,1,1,0,0,1,1,1,1,0,1,0,0,1,1,1,0,1,-1,0,0,,,-1,-1,-1,-1,-1,-1,-1,1,-1,1
Zbyněk,Stanjura,ODS,Moravskoslezský,m,5969,5969,1,-1,1,1,1,1,1,1,1,1,1,1,1,1,1,1,1,1,1,1,1,1,1,1,-1,0,1,,,-1,-1,-1,-1,-1,-1,0,1,0,0
Jana,Suchá,VV,Karlovarský,f,5970,5970,1,-1,1,1,1,0,1,1,1,1,1,1,1,0,0,1,1,1,1,1,1,0,1,1,-1,1,-1,,,-1,-1,-1,-1,-1,0,-1,1,-1,0
Igor,Svoják,ODS,Moravskoslezský,m,5971,5971,1,-1,1,-1,0,1,1,1,1,1,1,0,0,1,1,1,1,1,1,1,1,1,-1,1,-1,1,1,,,-1,-1,-1,-1,0,-1,-1,1,0,1
Bořivoj,Šarapatka,TOP09-S,Olomoucký,m,5972,5972,1,-1,1,1,1,1,1,0,1,1,1,1,1,1,-1,1,1,1,0,1,1,1,1,0,-1,-1,1,,,-1,-1,-1,1,0,-1,-1,1,-1,-1
Jaroslav,Škárka,VV,Plzeňský,m,5973,5973,1,-1,-1,-1,0,1,1,0,1,1,1,0,0,0,1,1,-1,0,0,0,0,1,-1,1,1,0,0,,,-1,-1,1,1,0,1,0,1,-1,0
Jiří,Šlégr,ČSSD,Ústecký,m,5974,5974,-1,-1,1,1,-1,1,0,-1,-1,-1,-1,-1,-1,-1,0,0,1,0,1,1,-1,0,1,1,0,0,0,,,1,1,-1,0,1,1,0,-1,1,-1
Jiří,Štětina,VV,Královéhradecký,m,5975,5975,1,1,1,1,0,1,1,1,1,1,1,1,1,1,-1,1,1,1,1,1,-1,0,0,1,1,1,1,,,-1,-1,-1,-1,1,-1,1,1,0,-1
Milan,Šťovíček,VV,Ústecký,m,5976,5976,1,-1,1,1,0,1,0,1,0,0,0,0,0,1,-1,0,1,1,1,1,0,1,1,1,-1,-1,1,,,0,0,-1,-1,-1,0,-1,1,0,-1
Josef,Tancoš,ČSSD,Ústecký,m,5977,5977,-1,1,1,-1,-1,1,-1,-1,0,0,0,0,0,0,1,0,1,0,0,1,-1,0,0,1,1,0,0,,,0,1,1,1,0,1,1,-1,1,0
Martin,Vacek,VV,Zlínský,m,5978,5978,1,-1,1,1,1,1,1,-1,0,0,0,-1,1,1,0,1,1,1,0,1,1,0,0,1,-1,1,1,,,-1,-1,0,0,-1,0,-1,0,0,-1
Dana,Váhalová,ČSSD,Moravskoslezský,f,5979,5979,-1,1,1,1,-1,-1,-1,-1,-1,-1,-1,-1,-1,0,0,-1,-1,1,1,1,-1,0,-1,1,1,1,1,,,0,1,-1,1,1,1,1,-1,1,0
Roman,Váňa,ČSSD,Olomoucký,m,5980,5980,1,1,1,1,-1,1,-1,-1,-1,-1,-1,0,0,0,-1,-1,1,1,1,1,-1,-1,1,1,1,0,0,,,0,1,-1,1,0,0,1,-1,1,-1
Jaroslav,Vandas,ČSSD,Středočeský,m,5981,5981,1,1,1,1,0,1,-1,-1,-1,-1,-1,-1,-1,0,-1,-1,1,1,1,1,-1,-1,1,1,1,1,1,,,1,1,-1,1,1,1,1,-1,1,-1
David,Vodrážka,ODS,Hlavní město Praha,m,5982,5982,1,-1,1,-1,-1,0,1,1,0,1,1,1,1,1,0,1,0,0,0,-1,1,1,1,0,-1,0,0,,,0,-1,1,0,0,-1,-1,0,0,0
Radim,Vysloužil,VV,Středočeský,m,5983,5983,1,-1,1,-1,1,1,1,1,1,1,1,0,0,1,-1,0,1,1,0,1,1,1,1,1,-1,1,1,,,-1,-1,-1,-1,-1,-1,-1,0,-1,-1
Ivana,Weberová,ODS,Liberecký,f,5984,5984,1,-1,1,1,0,1,1,0,0,0,0,1,1,1,-1,1,1,1,1,1,1,1,1,1,-1,0,0,,,-1,-1,-1,0,-1,-1,-1,1,-1,0
Jaroslava,Wenigerová,ODS,Moravskoslezský,f,5985,5985,1,-1,1,1,1,1,0,1,1,1,1,1,1,1,0,1,1,1,1,1,1,1,1,1,-1,1,1,,,0,-1,-1,-1,-1,-1,-1,1,-1,1
Renáta,Witoszová,TOP09-S,Moravskoslezský,f,5986,5986,1,-1,1,1,1,1,1,1,1,1,1,1,1,1,-1,1,1,1,1,1,1,1,0,1,-1,-1,1,,,-1,-1,-1,-1,-1,-1,-1,1,-1,1
Jiří,Zemánek,ČSSD,Olomoucký,m,5987,5987,-1,1,1,1,0,0,-1,-1,-1,-1,-1,-1,-1,0,-1,-1,1,1,1,1,-1,0,1,1,1,0,0,,,0,1,1,1,0,0,1,0,0,0
Václav,Zemek,ČSSD,Středočeský,m,5989,5989,1,1,1,-1,-1,1,-1,-1,-1,-1,-1,-1,-1,0,-1,-1,1,0,1,1,-1,-1,1,1,1,1,1,,,1,1,-1,1,1,0,1,-1,1,0
Jana,Fischerová,ODS,Vysočina,f,5990,5990,1,-1,1,1,1,1,1,1,1,1,1,1,1,1,1,1,1,1,1,1,1,0,1,1,-1,1,1,,,-1,-1,-1,-1,-1,-1,-1,1,-1,0
Josef,Novotný,ČSSD,Karlovarský,m,5991,5991,-1,1,1,1,0,1,0,-1,-1,-1,-1,-1,-1,0,1,-1,1,1,1,1,-1,0,1,0,1,0,0,,,1,1,1,1,0,1,1,-1,0,-1
Josef,Novotný,VV,Vysočina,m,5992,5992,1,1,1,-1,1,1,1,1,1,1,1,-1,-1,1,-1,1,1,1,1,-1,-1,1,0,1,1,0,0,,,-1,0,-1,-1,0,0,-1,1,0,0
Jiří,Rusnok,VV,Moravskoslezský,m,5993,5993,1,-1,1,1,0,1,1,0,1,1,1,1,1,1,-1,1,1,1,1,1,1,1,1,1,-1,1,1,,,-1,-1,-1,0,-1,-1,1,1,-1,0
Miroslava,Strnadlová,ČSSD,Zlínský,f,5999,5999,1,1,1,1,0,-1,-1,-1,-1,-1,0,-1,-1,0,1,-1,1,1,1,1,-1,-1,1,0,1,0,0,,,0,1,-1,1,0,1,1,-1,0,-1
Miroslav,Petráň,VV,Pardubický,m,6003,6003,1,1,1,1,0,1,1,1,1,1,1,-1,1,1,-1,1,1,1,1,1,-1,1,1,1,0,0,0,,,0,-1,-1,-1,-1,0,-1,1,1,0
Jan,Kubata,ODS,Ústecký,m,6008,6008,-1,-1,1,-1,0,1,1,1,0,0,0,0,0,1,0,1,1,1,1,1,1,1,1,1,-1,-1,-1,,,0,0,-1,-1,0,-1,-1,1,0,1
Patr,Holeček,TOP09-S,Středočeský,m,6095,6095,0,-1,0,1,0,0,0,0,0,0,0,0,0,0,0,0,0,0,0,0,0,0,1,1,-1,-1,1,,,0,0,0,0,0,0,0,1,-1,1
Václav,Koubík,ČSSD,Plzeňský,m,6096,6096,0,1,0,1,0,0,0,0,0,0,0,0,0,0,0,0,0,0,0,0,0,0,1,1,1,1,0,,,0,0,0,0,0,0,0,-1,1,-1
Roman,Pekárek,ODS,Středočeský,m,6097,6097,0,-1,0,-1,0,0,0,0,0,0,0,0,0,0,0,0,0,0,0,0,0,0,1,0,0,0,0,,,0,0,0,0,0,0,0,0,0,0
Miroslav,Bernášek,ODS,Středočeský,m,6098,6098,0,-1,0,1,0,0,0,0,0,0,0,0,0,0,0,0,0,0,0,0,0,0,-1,1,-1,0,1,,,0,0,0,0,0,0,0,1,-1,1
Igor,Jakubčík,ČSSD,Plzeňský,m,6113,6113,0,0,0,1,0,0,0,0,0,0,0,0,0,0,0,0,0,0,0,0,0,0,0,1,1,1,1,,,0,0,0,0,0,0,0,-1,1,-1
Petr,Benda,ČSSD,Ústecký,m,6124,6124,0,0,0,0,0,0,0,0,0,0,0,0,0,0,0,0,0,0,0,0,0,0,0,0,-1,0,0,,,0,0,0,0,0,0,0,0,0,0
