pořadí	strana	zkratka	kód	kontakt	lídr/yně	web	územní plán	ovzduší	zeleň	open data	správní řízení	doprava
1	"A co Brno?"	ACB	709983	info@acobrno.cz	Šťastník Ondřej Ing.	http://www.acobrno.cz/	http://www.acobrno.cz/mestska-cast/magistrat-mesta-brna/tema/26/jak-se-vam-libi-tvar-brna-mesto-nema-hlavniho-architekta-ktery-by-ji-urcil; zavedení funkce  | městského architekta, striktní požadavky na soukromé i obecní stavby  | ohledně budování souvisejících zelených a vodních ploch, budování nových |  parků napojených na cyklostezky, inteligentní napojení cyklostezek a  | pěších stezek na okolní lesy, uvolnění prostředků na vznik a rozvoj  | veřejných sportovišť, motivace dětí a mládeže k většímu zájmu o aktivní  | sport a další opatření).	http://www.acobrno.cz/aktualita/46/cisty-vzduch-ciste-ulice-i-vztahy-kandidati-a-co-brno-vyrazeji-do-voleb-s-projektem-ciste-brno; Čistý vzduch |  (omezení počtu vozidel vjíždějících do středu města, zavedení systému  | parkování vozidel na veřejných prostorách, zatraktivnění MHD, častější  | mokré čištění ulic, snížení znečištění ze spalování škodlivého odpadu a  | trávy, informační kampaň, veřejné diskuse a další opatření).	zavedení funkce městského architekta, striktní požadavky na soukromé i obecní stavby ohledně budování souvisejících zelených a vodních ploch, budování nových parků napojených na cyklostezky, inteligentní napojení cyklostezek a pěších stezek na okolní lesy, uvolnění prostředků na vznik a rozvoj veřejných sportovišť, motivace dětí a mládeže k většímu zájmu o aktivní sport a další opatření).	Čisté vztahy (zajištění transparentnosti, morálky a otevřenosti při chodu magistrátu, urychlení a dokončení privatizace obecního bytového fondu, zajištění transparentnosti toku peněz získaných z privatizace, revitalizace a vyčlenění části bytového fondu na nouzové a sociální byty a byty pro seniory, změna přístupu města k zadávání úkolů a prioritám městské policie, zvýšení spolupráce mezi městskou a státní policií, zajištění bezbariérového přístupu do všech potřebných institucí a nádraží a další opatření).		http://www.acobrno.cz/thread/default/105?title=%C5%A0tve+m%C4%9B+doprava+a+parkov%C3%A1n%C3%AD+v+Brn%C4%9B; zavedení funkce  | městského architekta, striktní požadavky na soukromé i obecní stavby  | ohledně budování souvisejících zelených a vodních ploch, budování nových |  parků napojených na cyklostezky, inteligentní napojení cyklostezek a  | pěších stezek na okolní lesy, uvolnění prostředků na vznik a rozvoj  | veřejných sportovišť, motivace dětí a mládeže k většímu zájmu o aktivní  | sport a další opatření).
2	ANO 2011	ANO	526243	brno.mesto@anobudelip.cz	Vokřál Petr Ing.	www.brnobudelip.cz/	Prosadíme schválení nového revidovaného územního plánu jako skutečně klíčového dokumentu pro rozvoj města, a to jak z hlediska rozvoje infrastruktury zástavby, tak i s ohledem na aktivní život každého z nás. Novým územním plánem vznikne moderní město s jasným konceptem rozvoje a jasnými urbanistickými pravidly. Dáme šanci opětovnému vzniku Útvaru hlavního architekta, který bude dohlížet na vyvážený rozvoj města a regulaci míry výstavby daných lokalit.		Budeme udržovat čisté a živé parky plné květin jako přívětivá místa pro trávení volného času pro všechny generace. Zasadíme se o atraktivní prostředí pro všechny.			V dohledné době dobudujeme Velký městský okruh s akcentem na kritická místa současné dopravy. Rozhodneme o modernizaci brněnského železničního uzlu (ŽUB). Bez  | ohledu na zvolenou variantu zajistíme revitalizaci stávajících prostor  | současného vlakového nádraží, protože i po řadu dalších let zůstane  | vstupní branou do Brna.Budeme prosazovat zájmy Brna při napojení na významné evropské dopravní koridory v co nejkratší době. Upřednostníme varianty, které minimalizují negativní vlivy na město a jeho rozvoj v oblastech bydlení a využití volného času. Budeme prosazovat optimalizaci tarifů, motivujících k využívání MHD (čím dál, tím levněji). Prosadíme chybějící strategii parkování včetně rezidenčního parkování a  | motivačních prvků pro eliminaci automobilové dopravy v centru města.  | Zavedeme skutečně fungující záchytná parkoviště v návaznosti na moderní  | systém městské dopravy evropského typu – „Zaparkuj a využij městskou  | hromadnou dopravu“ (P+R). Zavedeme inteligentní navigační systém sdělující volné kapacity a eliminující dopravní zátěž. Vytvoříme reálný, bezpečný a funkční projekt cyklodopravy v Brně a  | s podporou EU vybudujeme smysluplné a bezpečné cyklostezky a cyklotrasy. |  Podpoříme princip „půjčování městských kol“ (bike sharing) ve městě  | Brně. Brňan Nebrňan, ale na kole.
3	ANTIBURSÍK - STOP EKOTERORU !	Antibursík	541529	absstop@seznam.cz	Dobčák Martin JUDr.	http://antibursik.cz/						
4	Česká strana sociálně demokratická	ČSSD	236469	mevv.brnomesto@cssd.cz,cssdbrno@romanonderka.cz	Onderka Roman Bc. MBA	http://www.cssdbrno.cz/volebni-program		Uvádíme v život opatření ke snížení znečištění ovzduší i k ochraně před povodněmi. 	Chceme město čisté a zelené. Dokončíme kompletní rekonstrukci historického centra města – Zelný trh, Dominikánské náměstí, ulici Českou a Solniční a přestavbu a zkulturnění Mendlova náměstí. Masivně budeme v ulicích realizovat květinové výsadby ke zkrášlení | veřejných prostranství. Podařilo se zrekonstruovat významné městské parky a nyní chceme vytvářet zelenou klidovou zónu v okolí řeky Svratky, zejména založit velký městský park v lokalitě tzv. Žabovřeských luk, volně navazující na místní zahrádkářskou kolonii. Rovněž založíme zcela nový veřejně přístupný lesopark ve velkém volném prostoru mezi Teskem v Králově Poli a třídou Generála Píky. Budeme usilovat o získání areálu VUT v lokalitě na Kraví hoře za hvězdárnou a na jeho místě vybudujeme nový veřejně přístupný městský park navazující na stávající park Kraví hora. Uvádíme v život opatření ke snížení znečištění ovzduší i k ochraně před povodněmi. | 			Je třeba zlepšit průjezdnost městem na straně jedné a rozšířit parkovací kapacity v centru města na straně druhé. Víme, že dopravní situace v některých úsecích velkého městského okruhu je neúnosná. Chceme přimět Ředitelství silnic a dálnic, které je investorem velkého městského okruhu, aby přestalo otálet a přistoupilo k urychlené realizaci rozšíření úseku Žabovřeská a následně i k přebudování křižovatek Rokytova a Tomkova náměstí v rámci VMO. Kompletně zrekonstruujeme nevyhovující komunikace – např. Horova, Minská, Milady Horákové, Jana Babáka, Veveří. Budeme koordinovat výkopové práce tak, aby co možná nejméně narušily dopravu. Budeme usilovat o urychlené vybudování nového přímého napojení průmyslové zóny Černovická terasa na dálnici D1, čímž se výrazně odlehčí dopravní situaci v širokém okolí. Chceme pokračovat ve výstavbě parkovacích domů i podporovat soukromé projekty, které zlepší parkování ve městě Brně. Do jednoho roku dokončíme nový parkovací dům v Panenské ulici. V nejbližší době vybudujeme nové parkovací prostory v budoucím Janáčkově kulturním centru. Chystáme projekty park and ride (v lokalitě Olomoucká, Veveří a u Ústředního hřbitova). Zavedením systému parkovacích zón v nejproblematičtějších lokalitách chceme umožnit bezproblémové parkování místních rezidentů. Na místech, kde je to možné a rozumné, legalizujeme dosud nelegální parkovací místa. | Průjezdnost města není jenom automobilová. Chceme, aby Brno bylo město přátelské k cyklistům – proto chceme zejména realizovat | páteřní systém cyklopruhů a výrazné rozšíření stávajících cyklostezek. Instalujeme stojany pro jízdní kola všude, kde to je možné a vhodné. Kvalitní a dostupnou MHD považujeme za zcela prioritní veřejnou službu. Proto nebudeme zvyšovat cenu jízdného; zachováme současný systém slev a zdarma jízdu seniorům nad 70 let a doprovodu dětí do 3 let. Přitom budeme pokračovat v masivní obnově a modernizaci vozového parku, zejména s ohledem na šetrný přístup k životnímu prostředí. Budeme prosazovat rozšíření sítě MHD – prodloužíme tramvajové linky do Kampusu v Bohunicích, na Lesnou a do lokality Kamechy, rovněž vybudujeme | tramvajovou trať v ulici Plotní. Zavedeme preferenci vozidel MHD i na další světelné křižovatky. Vybudujeme zcela novou lanovou | dráhu, která spojí přímo a rychle bohunický Kampus s ulicí Bauerovou (u BVV). Víme, že nádraží musí být důstojnou bránou do města. Chceme, aby Brno mělo v dohledné době moderní nádraží vyhovující všem nárokům významné nadnárodní dopravní křižovatky. Jsme přesvědčeni, že poloha nádraží je především odborné dopravní téma, které by nemělo být zneužíváno k politickým účelům. Budeme podporovat nádraží v té poloze, která je nejvýhodnější pro obyvatele města Brna zejména z dopravního hlediska a která bude v souladu s rozhodnutím subjektu, který tuto ohromnou investici bude financovat a uskutečňovat. |  | 
5	Dělnická strana sociální spravedlnosti - Za zachování nádraží v centru	DSSS a SPE	229305	dsssjmk@gmail.com	Mensa Eduard JUDr.	http://jmk.dsss.cz/volby/volebni-program-pro-brno		postupně  řešit vysoké hlukové a prachové zátěže z dopravy;				
6	Komunistická strana Čech a Moravy	KSČM	715858	mv.brno@kscm.cz,sykorova.helena@brno.cz	Sýkorová Helena JUDr.	http://www.kscm-brno.cz/view.php?nazevclanku=volebni-program-na-obdobi-2014-2018-%E2%80%9Ekscm-pro-mesto-brno%E2%80%9C&cisloclanku=2014080004	Strategie  územního rozvoje - územní plán: | vymezit  lokality pro výstavbu městských sociálních a startovacích bytů včetně  odpovídající technické a občanské vybavenosti;vymezit lokality pro výstavbu domovů pro seniory  a zařízení sociální péče; vymezit plochy pro potenciální nové výrobní  kapacity  | s respektováním ochrany městských lesoparků a kvalitního  zemědělského  | půdního fondu;určit vhodné využití opuštěných výrobních  provozů a dalších ploch na území města;vymezit lokality pro potenciální výstavbu  dalších nákupních  | center pouze v nezbytném rozsahu při respektování  ochrany životního  | prostředí;zachovat stávající rozsah ploch pro zahrádkářské  osady a vymezit případné náhradní lokality; zapracovat účinnou protipovodňovou ochranu  města;nastavit omezení tranzitní dopravy  v částech města primárně určených pro bydlení;provedení vysoce odborného posouzení možných  řešení modernizace  | železničního uzlu Brno po technické i finanční stránce a  z hlediska  | důsledků na funkci města a život jeho obyvatel a občanů do  města  | přijíždějících;dořešení  trasy rychlostní komunikace R43 včetně připojení na D1,  | aby dopady  z jejího provozu neovlivnily negativně život občanů  | v zastavěných  územích a v rekreační oblasti Brněnské přehrady.		kultivovat  městské prostředí a zkvalitňovat péči o městské parky, lesoparky a lesy;podporovat  činnost občanských spolků (zahrádkáři, včelaři,  | myslivci, rybáři apod.) –  významných spolutvůrců životního prostředí a  | krajiny.			nastavit omezení tranzitní dopravy  v částech města primárně určených pro bydlení;provedení vysoce odborného posouzení možných  řešení modernizace železničního uzlu Brno po technické i finanční stránce a  z hlediska důsledků na funkci města a život jeho obyvatel a občanů do  města přijíždějících;dořešení  trasy rychlostní komunikace R43 včetně připojení na D1, aby dopady  z jejího provozu neovlivnily negativně život občanů v zastavěných  územích a v rekreační oblasti Brněnské přehrady. Zkvalitňování  veřejná dopravy a dopravy v klidu:preferovat  rozvoj městské hromadné dopravy a její návaznost na Integrovaný dopravní systém  kraje;racionálně  průběžně obměňovat vozový park MHD;zabránit  dalšímu zvyšování cen jízdného v MHD;podílet  se na efektivní organizaci sítě MHD;vytvářet  na příjezdech do města záchytná parkoviště v návaznosti na systém MHD.
7	Konzervativní strana	KS 	701392	msbrno@konzervativnistrana.cz	Havlíková Kristina Ing.	http://www.konzervativnistrana.cz/						
8	Křesťanská a demokratická unie - Československá strana lidová	KDU-ČSL	552583	liptakova@kdu.cz, miholaj@psp.cz	Liptáková Klára Ing.	http://www.primatorkaprobrno.cz/politika/		avedeme závazné limity prachových částic, pro vjezd do centra Brna. |   Kvalita ovzduší v centru Brna patří mezi nejhorší v celé republice. Jakkoliv jsou naměřené hodnoty alarmující, Brno s nimi nic nedělá. Brno má problém i s hrubým polétavým prachem. Denní povolený limit je 50 mikrogramů na metr krychlový a města mohou tuto hranici ročně překročit pětatřicetkrát. V Brně na stanici Svatoplukova naměřili vyšší hodnoty letos už v devatenácti dnech, na Zvonařce patnáctkrát. Loni překročilo Brno limity sedmdesátkrát.				Zlepšíme koordinaci dopravních staveb tak, aby nedocházelo ke kolapsům v provozu.  Jen v průběhu prázdnin bylo v centru města Brna souběžně opravováno čtyřicet dopravních tepen. Pro řidiče a cestující to znamenalo mnohdy i  | několikahodinové zpoždění. Důvodem všech problémů bylo čerpání poskytnutých dotací ve výši 15,6 miliardy na poslední chvíli. Je  | otázkou, proč politici tyto opravy naplánovali až na tento nejzazší  termín. | Zavedeme bezplatné SMS zprávy o blokovém čištění pro občany města. Ročně je při blokovém čištění průměrně odtaženo více jak 5000 aut. Je  otázkou, zda řidiči doplácí na svou hloupost nebo na špatnou  informovanost. Obdobně nefunguje aktuální zpravodajství o chystaných změnách v dopravě. V době mobilních telefonů je přeci nutné mít aktuální informace! | Prosadíme zavedení ekologických dopravních prostředků do vozového parku DPMB. | Partnerská města nejsou pouze od toho, abychom po nich pojmenovávali  parníky na přehradě. Proto využijeme zkušeností ze Stuttgartu, který je  již 5 let modelovým německým regionem pro masové nasazení elektromotorem  poháněných vozidel. Věděli jste, že návratnost hybridních autobusů je  díky úspoře nafty nižší než 10 let? | Zasadíme se o dokončení velkého městského okruhu. Velký městský okruh Brno je jednou z podmínek úspěšného rozvoje města, |  které díky svému ekonomickému růstu nutně zvyšuje i koncentraci  automobilové dopravy ve městě. VMO bude mít podobu čtyřproudové  rychlostní komunikace s mimoúrovňovým křížením a umožní nejrychlejší  spojení vnějších i vnitřních městských částí a blízkého okolí Brna.  Zásadně zkrátí dobu cestování napříč městem a dokáže přenést i část  tranzitní dopravy a zároveň funkčně napojit město na dálniční a rychlostní síť. | V současné době je zprovozněno pouze zhruba 32 % z celé trasy, proto  je nutné, aby město aktivněji působilo na Ředitelství silnic a dálnic,  jako investora stavby. Celkové náklady na dokončení stavby činí 38,3 miliard korun, je tudíž potřeba vyvinout velké úsilí nejen na náročnou  projektovou přípravu, která by byla v souladu s územním plánem města,  ale i na zajištění potřebných financí především ze strany státu na  urychlené dokončení stavby. | Vyhrazená místa na ulicích pro krátkodobé parkování v pracovní době.Není nad to, když si můžete ve městě vyřídit vše co potřebujete a nemusíte se ohlížet na docházkovou vzdálenost a ještě hledat vhodné  parkování. Prosadíme krátkodobá parkovací místa s maximální časovou  délkou do 30 minut. |                 Umožníme cyklistům průjezd centrem města přes vybrané ulice. | Zatímco v jiných evropských městech si cyklisty předcházejí a  podporují je, v Brně jim současná koalice průjezd centrem zakazuje.  | Přitom tu máme přes 14 tisíc cyklistů. Stačilo by však umožnit průjezd v ulicích Poštovská a Roosveltova, které jsou dostatečně široké jak pro  chodce, tak cyklisty, a problém by byl vyřešen.
9	Moravané pro Brno	Moravané	311001	o.hysek@moravane.eu	Hýsek Ondřej Mgr. Ph.D.	http://www.moravane.cz/komunalni-volby/program	Iniciujeme vypracování všestranného metropolitního plánu rozvoje města Brna. Prosazujeme obnovení úřadu hlavního architekta města Brna, který zajistí, že již nikdy nedojde k nevratnému architektonickému poškození historického centra Brna, jak k tomu došlo např. v případě Velkého Špalíčku apod., že se uprostřed ulice s pětipatrovými domy neobjeví dům dvacetipatrový apod. Podpoříme rozvoj obchodního a společenského života v centru města, které trpí neustálým rozšiřováním velkých nákupních center na okraji města.			Strana Moravané se zasadí o maximální transparentnost v rozhodovacích procesech městské samosprávy, aby nedocházelo k frustraci z deficitu demokracie, např. jako tomu bylo při projednávání tzv. aktualizace územního plánu. Občané mají právo vidět všechny smlouvy (na webu) a vědět, s kým se jejich zastupitelé stýkají (on-line diář zastupitele). Podporujeme rozhodování brněnských občanů prostřednictvím referend. Zasadíme se o posílení spolupráce mezi orgány městské a krajské samosprávy. Jsme přesvědčeni, že brněnští zastupitelé jsou povinni zasazovat se nejrůznějšími způsoby o zvýšení prestiže moravské metropole v rámci ČR i EU.		Doprava patří k základním problémům, kterými by se měla městská  samospráva dnes a denně aktivně zabývat – jsme sice na náš „šalingrad“  hrdí, ale je toho mnoho ke zlepšení, což si uvědomujeme každý den při  ranních i odpoledních dopravních zácpách, které nám ničí nervy. Mimo  jiné se zasadíme o větší informovanost občanů o plánovaných a  probíhajících uzavírkách a o logické plánování oprav komunikací. Zasadíme se o co nejrychlejší zahájení výstavby nového brněnského  hlavního nádraží buď v poloze „u řeky“, nebo „pod Petrovem“, a to na  základě výsledků odborné studie proveditelnosti (podle finanční  přiměřenosti). Jde nám o to, aby byly využity finanční prostředky z  Evropské unie a aby se Brno po 175 letech nekonečných diskuzí posunulo v |  otázce nádraží vpřed. Poté bude konečně možné vyřešit ostudný prostor  tzv. Jižního centra a vybudovat atraktivní nábřeží, které si Brňané  zaslouží (otázkou zůstává stav a využití zasypaného krásného  historického viaduktu, nabízí se cyklostezka…). Tzv. „nulovou“ variantu,tedy přestavbu nádraží v současné poloze, považujeme za nezodpovědnou a hlavně technicky nerealizovatelnou. Uvědomme si, že v současnosti  bychom měli řešit napojení Brna na vysokorychlostní tratě (které nás  mohou minout, což by našemu městu způsobilo nenapravitelné škody), a my  přitom nemáme stále postaveno ani vhodné nádraží. Za skandální  považujeme to, že i o výstavbě brněnského nádraží (resp. o ne/poskytnutí financí na některou z variant), ve skutečnosti rozhodují úředníci v  Praze, nikoliv občané města Brna či jejich zastupitelé. Otevřeme tabuizované téma brněnského metra (např. v podobě tzv.  severojižního kolejového diametru), jehož výstavbu naše dopravou  zatížená metropole potřebuje a které evropská města nadregionálního  významu standardně mají. Náklady na kilometr činí cca 2 mld. Kč (tzn.  0,2% HDP) a zatím se 50 let investuje pouze v Praze – v Brně se z  | nejasných důvodů ani nezačalo s přípravou. Nastartujme komplexní řešení parkování ve městě Brně pomocí zonace,  která zvýhodní rezidenty a místní podnikatele. Součástí řešení musí být  také omezení neekologické a hlučné dopravy v centru Brna a výstavba  záchytných parkovišť na okraji města ve spojení se zvýhodněným jízdným  na MHD (k jehož zakoupení by opravňoval např. parkovací lístek). V málo  využívaných parkovacích domech navrhujeme zavedení rotujících „happy  hours“. |  Podporujeme ekologickou a nízkopodlažní MHD (šaliny, trolejbusy,  autobusy na zemní plyn), prodloužení tramvajových tratí (Univerzitní  kampus, Líšeň, Lesná, Kamechy), prodloužení trolejbusových tratí (Líšeň –  Jírova, Starý Lískovec). U předplacených „šalinkaret“ je prostor ke  zlevnění pro Brňany v řádu desítek procent v závislosti na délce jejich  platnosti. |  Zasadíme se o urychlení výstavby velkého městského okruhu (nepropustného  v okolí židenických kasáren ve Svatoplukově ulici či v Žabovřeské  ulici), uzpůsobíme intervaly mezi spoji potřebám občanů. Podporujeme urychlení výstavby dálnice Brno – Vídeň, jejíž neexistence  zvýhodňuje Bratislavu a znemožňuje zintenzivnění přirozených obchodních i kulturních vztahů Brna se 120 km vzdálenou evropskou metropolí (do  Prahy je to po mizerné D1 210 km). Zintenzivníme vyjednávání o posílení letecké dopravy v Brně a o  propojení Brna pravidelnou linkou s některou z dopravně významných  evropských metropolí (Mnichov či Frankfurt). Navrhujeme vybudování  železničního spojení tuřanského letiště s centrem Brna. Je nutné změnit  parkování na letišti rozšířením parkovací plochy. Nyní je zde možno  parkovat zdarma pouze 10 minut; parkování zdarma prodloužíme na 45  minut. | Prosazujeme urychlené dotvoření sítě brněnských cyklostezek a speciálních pruhů pro cyklisty. | 
10	Občanská demokratická strana	ODS	872769	os.brno-mesto@ods.cz,vizda.frantisek@brno.cz	Vižďa František doc. RNDr. Ph.D.	http://www.ods.cz/politicky-program/volebni-programy						
11	Republika pro Brno	RPB	347022	blazek@stranarepublika.cz	Vítek Jiří	http://stranarepublika.cz/strana-republika-sestavila-16-samostatnych-kandidatek-pro-komunalni-volby/						
12	STAROSTOVÉ A NEZÁVISLÍ	STAN	390793	matonohova.irena@brno.cz	Matonohová Irena JUDr.	http://starostove-brno.cz/program/spoluobcan/			Oceňujeme práci, kterou odvedlo město při rozvoji příměstských lesů.  Je to velice záslužný počin, který však musí být dále rozpracován a  rozvíjen v koncepci rozvoje příměstské krajiny. Chceme dosáhnout  cílového stavu, kdy bude funkční propojení vycházkových tras, volnočasových areálů, studánek a přírodních památek, naučných stezek s funkční MHD, která bude schopna přepravovat jízdní kola. Výletní trasy budou vedeny  okolo přírodních koupališť, fungujících restauračních zařízení aj. Brno  má krásné okolí, které nám mohou druzí závidět. Je třeba jej široké  veřejnosti zpřístupnit.		V uplynulých letech, zejména pod vedením ČSSD, docházelo stále k dalšímu |  a dalšímu posilování pravomocí centrálních orgánů města MMB a  | oslabování pozic MČ. Jako jednu z hlavních priorit, provedeme revizi Statutu města Brna. |  Tato revize bude spočívat v důsledném uplatňování principu  | subsidiarity. To znamená, že vše, co může být rozhodnuto na úrovni MČ,  | nechť je rozhodnuto tam. Všichni zvolení zástupci na MČ i úřady  | jednotlivých MČ jsou pod mnohem větším drobnohledem a kontrolou  než  | magistrátní odbory a úředníci.	
13	Strana svobodných občanů	SSO	587688	 jezek@svobodni.cz	Ježek Jakub Mgr.	http://jmk.svobodni.cz/program/						
14	Strana zelených	SZ	309825	drapalova.jana@brno.cz,info@zelenebrno.cz	Drápalová Jana Ing.	reseniprobrno.cz	Hlavní architekt pro BrnoBrno potřebuje hlavního architekta - odbornou autoritu, která bude koordinovat rozvoj městaa navrhovat jeho priority. Hlavní architekt by měl stát v čele oranizace, která bude v oblastiúzemního plánování pomáhat plnit úkoly samosprávy. Například připravovat podmínkyplánovacích smluv sinvestory, aby se při přípravě výstavby nových čtvrtí nezapomínalo naveřejnou vybavenost, školy, školky, hřiště, služby, ale i náměstí nebo parky. Úkolem týmuhlavního architekta bude připravovat pro samosprávu města stanoviska ke všem rozvojovýmprojektům, včetně těch financovaných soukromými investory. Úlohou hlavního architektabude také dávat dohromady týmy odborníků různých profesí se zahraničními zkušenostmi aorganizovat otrevřené urbanistické soutěže. Jedině tak může Brno získat dobrou pověst aevropský věhlas. Dobrý územní plánÚzemní plán je účinný nástroj, který může do budoucna zajistit kvalitní život ve městě. Nesmíse však připravovat za zády občanů a ve prospěch developerských lobby, jak se tomu stalo vpřípadě jeho poslední Aktualizace. Zasadíme se proto, aby nový územní plán bylnadstandardně projednán sobčany, aby všichni měli dostatek času se snavrhovanýmivariantami rozvoje seznámit, aby byla vedena otevřená diskuse o nejpodstatnějšíchotázkách a aby připomínky veřejnosti byly poctivě prověřovány a pečlivě vypořádány. 	 Aby se v ulicích dalo bez obav dýchatPři pravidelném úklidu ulic a silnic je třeba se vrátit kpoužívání kropících vozů apravidelnému čištění mokrou cestou, jedině tak je možné snížit množství prachu vovzduší achránit tak naše zdraví. Budeme také kontrolovat důsledné dodržování městské vyhlášky,která zakazuje používání motorových fukarů při úklidu cest a chodníků.Tak jako ve Stuttgartu a jiných evropských městech přípravíme projekt zavedenínízkoemisních zón tam, kde je znečištění největší. Podmínky zavedení zón s omezenýmvjezdem nejvíce znečišťujících aut důkladně a otevřeně projednáme s veřejností.	Budeme také účinně chránit a rozšiřovat zeleň ve městě, aby se snížila prašnost a tlumil hluk. Budeme obnovovat stromořadí v ulicích, zlepšovat stav i vybavení parků a parčíků. Budeme chránit klidné vnitrobloky před zastavěním, aby sloužily ke každodennímu odpočinku.  Budeme dbát na další výsadbu zeleně vulicích. Stromy a keře totiž  pomáhají zachytávatprach a omezují účinky hluku zdopravy. Zasadíme se o  to, aby vBrně každý rok přibyloalespoň 600 nových stromů ve  stromořadích. Budeme podporovat zachování parků, zelených veřejných prostranství a zahrádek jako místpro vnitroměstskou rekreaci, odpočinek a setkávání. Bude-li zvažován zánik zahrádkářskékolonie, budeme požadovat, aby bylo prokázáno, že se tak děje ve veřejném zájmu, nikoliv vzajmu úzké skupiny lidi. Zároveň prosadíme v každém jednotlivém případě poskytnutínáhradních ploch.Budeme prosazovat zřízení nových parků, např. pod ulicí gen. Píky, na revitalizovanéměstské skládce v Černovicích ad. Budeme dbát na pečlivou údržbu stávajících parků auličních stromořadí. Nepřipustíme zástavbu žádných významných ploch zeleně ve městě.	Prosadíme zveřejňování všech zakázek a smluv na internetu. Snadno  | dostupný po síti bude i rozklikávací rozpočet, aktuální informace o  | městských stavbách nebo záznamy z jednání zastupitelstva. Na internetu by měl být veřejnosti snadno přístupný záznam z jednání zastupitelstva, včetnějeho doslovného přepisu. Budeme prosazovat automatické zveřejňování všech veřejnýchzakázek a smluv, které město uzavírá. Na internetu musí být také rozklikávací rozpočet,který umožní lidem sledovat, jak a za co město utrácí. Snadno dostupné na internetu musíbýt i aktuální informace o městských stavbách (jejich účel, cena i časové ohraničení), aletaké o všech aktuálních staveništích, které omezují pohyb ve městě.Budeme prosazovat zaznemanávání jmenovitého hlasování při jednáních Rady města Brna.Městský zpravodaj Brněnský Metropolitan musí být moderním demokratickým periodikem.Budeme trvat na tom, aby v něm všechny politické strany zastoupené vzastupitelstvu městapravidelně dostávali stejně velký prostor pro své neredigované příspěvky. Uveřejňoványmusí být jak pochvalné, tak i kritické názory občanů.Budeme podporovat a rozšiřovat možnosti internetové komunikace občanů smagistrátnímúřadem i celkovou elektronizaci veřejné správy.Veřejné zakázky transparentně, 		Současný stav hlavního nádraží a prostoru před ním je ostudou Brna.  Řešením však není odsun nádraží k řece kamsi za Zvonařku. Modernizovat  důležitý přestupní uzel veřejné dopravy na stávajícím místě v centru  města je technicky možné a pro město i cestující velmi výhodné – nabízí  totiž rychlé spojení moderními vlaky přímo z centra, snadný přestup na 9 různých linek MHD, pěší dostupnost mnoha důležitých míst i nový impulz k rozvoji města. Z jižního centra se musí postupně stát živá městská čtvrť s bydlením,zelení a přístupem k řece. Nikoli hypermarketové peklo obklopené věčně  zacpanými silnicemi. Rozhodnutí o poloze nádraží ovlivní nejen tvář  | města, ale i jeho rozpočet na mnoho let dopředu, proto podporujeme, aby  právo rozhodnout měli občané v referendu. Jeho platným výsledkem se  budeme řídit. Zkušenosti evropských měst říkají, že kolo je v městském provozu velmi  rychlý a pohodlný dopravní prostředek, proto je tak oblíbené. Aby jej  využívalo více lidí i v Brně je třeba jim na ulicích zajistit větší  bezpečnost – vyhradit cyklopruhy, posílit bezpečnost v křižovatkách,  vytvořit smysluplnou síť tras včetně historického centra města a doplnit stojany k parkování kol u nádraží, u škol, úřadů či nákupních center. Po podrobné a otevřené diskusi s občany v jednotlilvých městských  | částech zavedeme systém rezidentního parkování podle celoměstské Po podrobné a otevřené diskusi s občany v jednotlilvých městských  částech zavedeme systém rezidentního parkování podle celoměstské  strategie. V obytných zónách musí mít šanci zaparkovat především ti,  kteří tu bydlí a v době, kdy to potřebují. V centru města musí  být výhodnější zaparkovat v hromadných garážích, než hledat místo na  ulici. Finančně však musí být výhodnější nechat auto na záchytném  parkovišti a do centra dojet tramvají. Chodníky ve městě mají sloužit  pěším a kočárkům, nikoli parkování tisíců aut. Další info v detailnům programu SZ reseniprobrno.cz
15	TOP 09	TOP09	920487	kacer.jaroslav@brno.cz,info@jmk.top09.cz	Kacer Jaroslav Ing.	http://www.top09.cz/regiony/jihomoravsky-kraj/napsali-o-nas/tiskove-zpravy/kacer-top-09-brno-ma-na-vic-16443.html	Budeme se snažit zavést moderní urbanistický regulativ, který umožní městu rozvíjet se. Východisko spatřujeme v tzv. metropolitním plánu -Transformujeme Odbor územního plánování tak, aby fakticky řešil dopad a podobu významných staveb pro Brno  , Prosadíme vytvoření strategického vize vývoje Brna do roku 2040 	Využijeme nízkoemisní zóny		Transparentnost financování pro nás nezbytně zahrnuje zveřejnění „rozklikávacího“ rozpočtu města a jeho jednotlivých částí na internetu, a to včetně jeho plnění -Postaráme se o maximální informovanost občanů – všechny nezbytné informace o chodu města budou dostupné on-line 		avedeme do vozů MHD a na uzlových bodech free wi-fi připojení -Zajistíme smysluplný rozvoj park and ride (P+R), park and kiss (P+K) a také rozvoj statické dopravy -Podporujeme dlouhodobě ekonomicky efektivní způsoby přepravy, tj. tramvaje a autobusy na CNG -Budeme hledat řešení elektronického odbavovacího systému -Zasadíme se o rozvoj cyklo mobiliáře města, vymezení cyklopruhů v pěší zóně a vyhrazení prostoru pro chodce a cyklisty a s tím související systém sdílení kol 
16	Úsvit přímé demokracie	Úsvit	806269	 jihomoravsky@hnutiusvit.cz	Prokeš Leoš MBA	http://www.hnutiusvit.cz/komunalni-volby/jihomoravsky-kraj/brno/						Funkční dopravní infrastruktura Brna
17	Žít Brno s podporou Pirátů	ŽBaP	784130	hollan.matej@gmail.com	Hollan Matěj Bc.	chcu.zitbrno.cz	"Obnovíme  institut Hlavního architekta města Brna s odpovídajícími kompetencemi a  zázemím. Hlavním cílem je osobní odpovědnost za rozvoj města. Dnes ji  nikdo nemá, a jen tak je možné to, co se s městem děje. Po debatách  uvážíme, zda je vhodné začleňovat hlavního architekta do struktury  magistrátu, jako tomu bylo v Brně dřív, nebo následovat pražský model a  založit rozpočtově oddělenou a nezávislejší příspěvkovou organizaci,  která by mohla sama zpracovávat územní plán. Přesměrujeme pozornost a toky peněz zvnějšku města dovnitř. Zvláště  chceme rozvíjet centra jednotlivých čtvrtí tak, aby lidé nalezli co  nejvíce svých cílů (bydlení, práce, služby, sport apod.) v dosahu deseti  minut chůze. Spustíme programy aktivně podporující „urbanismus zdola“, jako jsou  komunitní zahrady, lesní školky či co-housing, který je bude zároveň  koordinovat s územním plánem. Přehodnotíme funkční zónování, které mělo smysl v době špinavých a  hlučných továren, ne však dnes, a nahradíme je snahou o maximální  rozmanitost funkcí (cílů). V oblasti dopravy tak budeme léčit nemoc  (desetitisíce Brňanů jsou nuceny cestovat úplně zbytečně), ne jen lepit  náplasti na její důsledky (zácpy, emise, odcizení). Vytvoříme dlouhodobý strategický plán rozvoje města, vycházející z Vize  města. Na koncept Územního plánu vypíšeme ideovou soutěž. Územní plán  bude zpracován ve formě publikace, která bude čtivá a srozumitelná pro  každého občana města. Srozumitelnost a předvídatelnost bude i novou politikou vůči investorům.  Město musí být aktivním hráčem – vykupovat pozemky, určovat podmínky  jejich využití (dle strategického plánu), předem připravovat programy  výstavby, nečekat na iniciativu developerů. Zasadíme se, aby se bývalým průmyslovým zónám (brownfields) i nevyužitým  kancelářským objektům dostalo nového využití, jež bude pro město  výhodné a atraktivní: byty (lofty), drobná výroba a služby, prostor pro  volnočasové aktivity a zábavu. - See more at:  http://chcu.zitbrno.cz/program/zit-brno-2014/#sthash.D6pFFdbn.dpuf"		Finančně |  podpoříme podfinancovanou městskou zeleň a zprostředkujeme větší  | spolupráci s neziskovými organizacemi zabývajícími se tímto tématem. V  | rámci Metropolitního informačního systému hodláme informovat o  | aktuálních možnostech kácení stromů, nabízet dřeviny k patronaci a  | podobně.	"Právě pro úsměv úředníků zavedeme systém zveřejňování smluv na internetu, a  to ve strojově čitelné podobě, jak nás to naučili Piráti. Úředník  smlouvu jednou vloží do systému, a pak už má navěky pokoj od otravných  šťouralů, jako jsme my. Budeme  iniciovat vytvoření Metropolitního informačního systému (MIS), který  propojí obyvatele s úředníky Magistrátu města Brna i jednotlivých  městských částí, díky čemuž budeme schopni snadno dosáhnout i ostatních  programových bodů v této kapitole. MIS umožní občanům provádět celou  řadu činností: nahlášením záboru veřejného prostranství na interaktivní  mapě počínaje a připomínkováním libovolného předpisu konče. Důležitým  elementem bude nastavení systému hodnocení, který zjednoduší zvýraznění  zajímavých podnětů. Zaručíme, že si veškerou agendu budete moct vyřídit i  za použití svobodného softwaru. Metropolitní informační systém jako  takový bude vyvíjen jako svobodný software – každý dostane možnost se  zapojit. Umožníme všem obyvatelům klást v rámci platformy MIS dotazy na témata,  která je trápí, podobně jako teď mohou například kontaktovat svého  telefonního operátora, když jim nesedí vyúčtování. Na každém úřadě bude  osoba zodpovědná za vyřizování požadavků, případně za jejich  přesměrování ke správnému řešiteli. Momentálně si Brno data schovává “v zásuvce“. Budeme iniciovat změnu  této praxe a zveřejníme vše, co je ze zákona možné, a to přehledně a bez  překážek. Nejde přitom o nic obtížného nebo drahého. Zveřejňování dat  je především otázkou politického zájmu. Automaticky zpřístupníme veškerá  data, která mohou lidé získat podle zákona o svobodném přístupu k  informacím, aniž by o ně museli žádat (uplatníme výjimky z důvodu  ochrany soukromí, důvěrnosti majetkových poměrů apod.). Toto provedeme  také u společností, jichž je město Brno majoritním vlastníkem (Technické  sítě Brno, Brněnské komunikace, Dopravní podnik apod.). Zavedeme bezplatný elektronický podpis pro všechny obyvatele, aby se  mohli snadno zapojit do rozhodování. Zavedeme transparentní účty a transparentní účetnictví ve všech Brnem  zřizovaných organizacích, příspěvkových organizacích a obchodních  organizacích, které Brno ovládá, a stejně tak i v Brně samotném (výjimky  z tohoto pravidla budou muset být velmi zevrubně zdůvodněné). Všechny  tyto subjekty také budou muset mít “rozklikávací” rozpočty přístupné na  internetu. Všechna výběrová řízení budou zveřejněna s dostatečným předstihem v MIS a  občané budou mít možnost o nich elektronicky diskutovat se zástupci  Brna, kteří budou muset výsledky diskuse zohlednit v zadání výběrového  řízení. Samotné výběrové řízení pak rovněž bude probíhat v metropolitním  informačním systému – není nutné, aby účastníci řízení prozrazovali  svoje know how, ale je nezbytné, aby bylo jasné, co a za kolik dodávají. Část rozpočtu bude dána k dispozici obyvatelům v rámci participativního  rozpočtování. Z rozpočtu města Brna bude vyčleněna část, o jejímž  využití budou moci rozhodnout sami občané. Projekt bude probíhat  kontinuálně po celý rok. Každý občan města bude mít možnost zapojit se  nejprve do veřejných diskuzí, které budou mít za cíl identifikovat  klíčové oblasti, které Brňany zajímají a pálí. V následné sérii  moderovaných setkání budou sami Brňané moci navrhovat a prezentovat  projekty k uskutečnění, které budou následně vystaveny na webu města,  nástěnce a dalších místech. V rámci posledního kroku budou o projektech  občané hlasovat, a ty, které zvítězí, budou následně uskutečněny. Tento  systém je hojně rozšířen po celém světě a v poslední době nabývá na  popularitě i v Evropě (především v Německu, Velké Británii, Francii).  MIS bude sloužit jako jedna z platforem pro projednávání. MIS umožní občanům navrhovat místní referenda, shromažďovat podpisy k  petici za vyhlášení referenda, a také v nich hlasovat. Budete tak mít  možnost ovlivnit, co se kolem vás děje, ze dne na den, a ne jen jednou  za čtyři roky. Budeme vyhovovat návrhům na vyhlášení referenda i v  případě polovičního počtu podpisů v petici, než jaký zákon požaduje. V  hlasováních o zásadních otázkách podporujeme vyhlášení referenda  zastupitelstvem, kde bude odpůrci zpracován kvalitní oponentní posudek. Prostřednictvím MIS budou všichni zájemci automaticky informováni o  plánovaných jednáních a jejich programu. Veškeré materiály předkládané  Radou města Brna související s jednotlivými body jednání (zejména  důvodové zprávy a případové studie) musí být zpřístupněny veřejnosti v  informačním systému před zahájením jednání – nestane-li se tak, není  možné daný bod projednat (v odůvodněných případech je možné materiály  anonymizovat, aby jejich zveřejnění nenarušovalo právo na soukromí). Z  každého jednání bude pořízen nesestříhaný audiovizuální záznam a také  jeho přepis – oboje bude povinně zveřejněno v MIS (v odůvodněných  případech bude možné části záznamu anonymizovat). V rámci informačního  systému bude také občanům umožněno vyjadřovat se k jednotlivým  projednávaným věcem. Budeme požadovat, aby občané a spolky měli svoje zastoupení v odborných  komisích, které pomáhají připravovat návrhy pro zastupitelstvo nebo  kontrolují činnost zastupitelstva a rady, a rovněž v dozorčích radách  městských společností. Spolky a iniciativy vytvářejí hodnoty, které nejsou v tržním prostředí  plně ocenitelné penězi. Obce mají řadu prostorů, které nejsou celý den  využity a měly by být k dispozici aktivním občanům a spolkům.  Podporujeme představu „inkubátoru“ pro nové spolky. Vznikajícím občansky  prospěšným spolkům a iniciativám nabídneme bezplatně dostatečně  vybavené prostory, kde se lidé mohou scházet. Budeme požadovat rovněž otevřenost radnic městských částí a jejich  silnější napojení na občany a jejich spolky, které se zabývají  zlepšováním kvality života ve svém bydlišti. Městské části mají k  občanům a jejich aktivitám nejblíž, proto mají mít větší kompetence a  samostatnost v rozhodování. Chceme jasně stanovit, které činnosti mají  celoměstský a které místní charakter, a v lokálních záležitostech dát  městským částem rozhodovací pravomoc. V rámci MIS zřídíme registr lobbistických kontaktů, v němž bude každý  zastupitel zveřejňovat veškerou komunikaci, která je vzhledem k  okolnostem způsobilá vyvolat dojem, že je jejím cílem využít vliv  zastupitele nebo ovlivnit jeho rozhodnutí ve prospěch zvláštního zájmu  ve věcech veřejné politiky, a také organizování, návod nebo pomoc k  takové komunikaci. I v případě, že skončíme v opozici, zařídíme, že každý občan se dostane  ke všem materiálům města a jeho organizací (pokud nejsou tyto informace  chráněny jiným zákonem, například ochranou osobních údajů). Pokud Vám  úřad informaci nevydá, zažádáme si o ni z pozice zastupitele, pro  kterého je z funkce voleného člena zastupitelstva každá existující  informace nároková a musí ji dostat v plném necenzurovaném znění. V prvé řadě je ale nutné zamést si před svým prahem. Zlepšíme proto  přístup k zaměstnancům magistrátu, příspěvkových organizací (divadla,  hvězdárna) i městských firem (dopravní podnik). Zaměstnanci města se  musí cítit důstojně, vč. adekvátního platového ohodnocení, aby byli  schopni kvalitně vykonávat svoji práci; zaměstnanci městských firem  nesmějí mít horší pracovní podmínky než lidé pracující přímo pro  magistrát. "		V duchu našeho nejlepšího know-how budeme pokračovat v boření a ničení, tentokrát mýtů o nezbytnosti přístupu aut do městského jádra, vytváření obrovských parkovacích ploch na sídlištích atd. A ne, nechceme zrušit auta, chceme jenom víc místa pro hezké město, třeba i pro ty parky. Brno je již od doby svého vzniku významnou dopravní tepnou. Doprava ve městě, ať už pro ty, kdo tady žijí, nebo pro ty, kdo jen projíždějí, musí být ekologická, dostupná všem vrstvám obyvatel, efektivní a komfortní. Po vzoru západoevropských měst, stejně jako i některých měst v ČR připravíme koncepci udržitelné mobility s důrazem na ekologickou hromadnou dopravu, cyklodopravu a pěší dopravu.Kvalitu života v Brně ovlivňuje nejen jeho vlastní doprava, ale i územní plán a koncepce dopravy v jeho bezprostředním okolí. Proto budeme jako zástupci města aktivnější v komunikaci s okolními obcemi tak, aby dopravní síť okolo Brna měla svou logiku ve vztahu k městu.Naším cílem je vytvářet prostředí, ve kterém nebudou diskriminovaní chodci, cyklisté, ale ani řidiči. Budeme podporovat řidiče v tom, aby auto nechali co nejdál od centra a pro dopravu využili zejména MHD. K tomu by mělo vést odstupňování ceny parkovného (čím blíže k centru, tím dražší) a zároveň uznání parkovacího lístku, případně parkovací karty jako jízdního dokladu do MHD (takzvané park and ride). Ruku v ruce s tímto krokem vytvoříme odstavná parkoviště v okrajových špatně využitelných lokalitách (například u Tesca v Králově Poli) a zavedeme nové spoje, které budou zajišťovat rychlé spojení mezi odstavným parkovištěm a blízkými uzly MHD.  Chceme vytvořit síť expresních linek MHD, které by propojovaly vzdálenější lokality, mezi kterými cestuje větší množství lidí – odlehčilo by se tím spojům, které zastavují na každé zastávce. Jako příklad by mohl posloužit spoj mezi nádražím, Konečného náměstím a Technologickým parkem.Podpoříme vznik motivačního programu pro sdílení aut. Takovým autům výrazně zlevníme parkování a zavedeme pro ně i další motivační výhody.Provedeme rozbor trasování a vytíženosti linek MHD, tam kde to bude potřebné, posílíme spoje.Jako téměř v každé západoevropské metropoli, i v Brně povolíme cyklistickou dopravu v centru města. Ve vybraných ulicích omezíme rychlost takové dopravy, aby nesnižovala komfort chodcům.Vytvoříme systém sdílených brněnských kol (takzvaných citybikes) a co největšího počtu jejich stanovišť po celém Brně s důrazem na centrum města.Podpoříme vznik nových a údržbu stávajících cyklostezek. Zároveň vytvoříme pro cyklostezky odpovídající informační materiály a značení, které dosud mnoha z nich chybí nebo je nekvalitní.Zasadíme se o ukončení nekonečné debaty o poloze hlavního nádraží v Brně a projekt modernizace Železničního uzlu Brno budeme směřovat ke skutečné realizaci. Z výsledků dosavadních studií vyplývá, že projekt nádraží v centru je výhodnější pro cestující i obyvatele Brna, projekt odsunutého nádraží je zase dál v přípravách a jeho základní část je levnější. S ohledem na cestující a občany preferujeme variantu nádraží v centru („Pod Petrovem“) a s ohledem na výše řečené se budeme snažit dojednat takové finální rozhodnutí státu, které by ji umožnilo. Při rozhodování budeme zohledňovat i výsledek případného referenda, či se jím řídit v případě jeho závaznosti. Se státem a Jihomoravským krajem budeme aktivně spolupracovat na přípravě výstavby vysokorychlostních tratí, které by Brno propojily například s Prahou, Vídní či Ostravou, s jízdním dobou ne víc než jednu hodinu. Na západě jsou tyto rychlé trati běžné, proč by to nemělo proto jít u nás.V otázkách dálnic a silnic budeme dbát v prvé řadě na právní aspekty jednotlivých dopravních řešení a názory občanů, kterých se dopravní komunikace týkají. Je hezké, že politici mají názor, kudy mají silnice vést, ale není možné je prosazovat navzdory zákonům a proti místním obyvatelům.